gene,sequence,tgt_reg,set,validation
A0A5E4IR97,MGGPSFDEFAGAGAIFRNKDILSPTFVPETLLFREEETRGLMGALAPVLRNQKAKNVFIYGKTGTGKTATTRSVLKKLDEQKNERIKTVYLNCRIYDTRYKVLQKCISDFQPDFAKTGHSFVVLYDKFLDWVQDGLGDGVKGKRVVFVLDEVDVVGDLDSLIYTLSRANDDLKEGSVSLIGISNKVDLKQKLEARSRSSLCEDEMVFKPYDAMQLQGILKQRAKQAFNDGVVSESAINLSAAIAAGENGDARYALALLLRAGELAEKRASKKVSDKEVEDSRRAVDEDKAFDIISTLPEHQQLLLYTLATMGNVSYKKLVEENGEQLYFSG,80.0,train,FALSE
D2V558,MTNNTHQLSHPACFEGLAGALISMMEDQIMHGILGLPFIREMMEGTLNQNIFRFYIIQDTIYLQTFSKIFVLAATKIDLLKEVNGEAQYLFLLEQSKGALEEAANLHHEYFKKWNIDSVKDAKASKSCLLYTSFLLASANSDTFLQTLCSCLPCYYIYYRVAQYITNKMMNESGEVLLTDSHPYADWIKSYSSDEFKKGVEQFSAFINTYAPTASESEKEKCFENVKMASQMEYLFWDSAYYLEEWPVEEIERRQVKNLNPVAPKSALTIAGSDSGGGAGIQADLNTFHAHHLFGTSAITALTAQNTLGVQGVFPVSAEFLAKQIDSVMSDINIVSVKTGMLYSSELIRVVIEKLKHYRELNPNIKVVVDPVMVSTSGHNLLKDEAVDALVREFFPMATLITPNIPEAERILELTDSPFKITTVELSKKAAKTISETFGIRNVLVKGGHLINSEYAVDILYESEADRFVSLHANFIQSNNTHGTGCSLAAAIASNLALGSTLEDAVRRSKLYVLNAIVRGFNPSQNQTGHGTLNHKLF,2.0,train,FALSE
Q9WZS6,MEFEGAVTKVSGWRWFLLALQHFVAMFGATVLVPLITGLDPLVALLTAGIGTLIFHFVTGGIVPVFLGSSFAFIAPILAVKEIYGDLAYATGGIFVAGLFYVLYALIVKAVGPEKVKKILPPVVTGSMIMVIGLTLSPVAIQMASSDWPLALIVIATVVFVSTMTRGFFSMVPVITGVVVGYVAGLFMGKIDTSVIVSTPLFSVPKVMLPKFDYGAIFMIVPVTLATFMEHLGDITTNGAVVGKNFFDKPGLHRTLLGDGLATAVAGLLGGPANTTYSENTGVLALTRVYDPSVLRGAALVAIFAAFVSKFGAILQTIPQAVMGGVSLILFGMITSVGVRTMVNAEVDFSKPRNLMITALMLTVGIGGAVLKVGRVELKGIGLAALVGIFLNLILPDRD,80.0,train,FALSE
D2VLY4,MGNNKTRENAQISKITSNSTSSSGGVGRFGSQSAAASSSASNGFLRNESASSSFIVSNRELNSVIVGSKMDSEIYLYGYTSTLYYDGINPGCGVTKIIDNINSDDVIRSRDLCVQSENNGLSAVKLILKHTLVYKVISGRLHSHIITADGRILSFGSNNHGQLGCGVVGSLKASYGIVRATGEITNHFIIDGAAGGYHSLFITSENKVFSVGGNSSRQLGVITTDSTATATAIEIPEQSFDGRKVVACSAGDSHSCFLTSCGNIYFAGSNSNGACAGNSGNNRPILLVNEILANEFPIQISCGYDNTMILCQSGNIYGVGCNSCGQLATDDGDHTNFGDIRKIYNGVKGIVWIGSGYFCSAVCAEDECYFAPSQTTYSKLSKINPNAIAVGVGDSIIFATNEINQNGKFGKLYVMSSGKATDITGDFSIDSVSSKIEFSGQRDVYIAYVSKFDPAFMISHHFLHLEKILDFVKGNSSQYSGSTVFSDIQIQ,2.0,train,FALSE
D2VGF5,MFRFFGSSALPEDDTTSLDNYNFYINKLRSRPQGDLIENIHKNWFGDWDLLEEHHAYIQYLFPIRLQGMNASSQPLTKHEASLLRSDAAVKARIIQSYRLMLDFYGLVLEDEVSGKISRNPVTYKKRYSHLNSSFHNYLRITRIMKCLGVTGFEHYKPHFLNHMVVEMFKYNNLQNARDSLIKFWLPTLRKEEHLQYFDNLVDELSQGKRKVNREGRDGYGDEVNDQSWQTEYYDSNFNVDFADPYFANKDVLTHANDPYASNQHR,2.0,train,FALSE
D2VAP2,MSFAEPVIIDDESDTESSNSIDEEYITPANLPHLSSSRCPSCHYNDTHCDHRITLYQKIHIVKCFIAEENRRVFSEPSLPRLITENKLIPFIDNLLLKFIENIQEKSWKHCRQHYVPYLMENFYLKINRKARELQERFGIENGQENGSENEEAQMNGQQQPPIGQQEGWNQNVQQQAPQQPRQIQTNSPPRNRMNVTPPRQIRQNNTPPRNQPQNENVIRTNQQANMNPIRNGNQNERVMNHVPLNNGQVVRHPQNQSLIGQPHLQQFNNASINHFSMNSNGNGFTGFTWVNVQLPNIHFPFLFNGLAQQLPNNNIRPMIPNQQLAYPNPIIHTPQPPMNRPQIIPIQLNFHNQQRLFGFTKEELMSMSIFKQKIKEQWNLPTNCVISNISFIDSTNQTLMTLDEQSLLVIRESALGRIQIQFEIYENTDLLPLSFN,2.0,train,FALSE
D3DGG4,MSWREVFPQPVGILPFPFDFLILPHSNLWQEHIPTVLLLKLEGLPSEWKFILSLKEKDWKQALQNILSISEEDVKNYNLSLITGSKQTVKDKTLAYLLDIVFSDRFDIRDMGRDDLNALVLYRKAQLLEGEGKIEDAIAMIENALRLVRDLSPLFYANLLLKKAKLFMEHKGVNYAVLALLEELEEKLSEADFLRAEVQFNLGNAYSSLGNLSKAISYYWKALDFFTVDKDPYMYALINNNMGLAYLSSDVSDLEDQVRLAYGVQSLRNALKVFTKERYPKEWASTTMNYANALQYLPTANPAKNLLKAVELYREVLDYRKEVGDELGYARTLANMGNALAHLGRLFEARRHLIEAFEIFKKYGMEEEMNGIREVLEEIHMLMEARHDGGA,72.5,train,FALSE
S2KHF7,MRDLSTLPNLRVALVQTTLAWHDREANYAHFEVLLDQAGDVDLVILPEMFTTGFSMESERLAEPENGPTYKWLKAQAKRIGAVITGSVIVQAADGSHRNRLLWARPDGEILHYDKRHLFRMAGEHKYYTPGERQVQFEVNGWRVRPLICYDLRFPVWSRDAQDTDLLLYTANWPAARRQHWNRLLPARGIENLCYVAAVNRVGTDGKGFAYSGDSQVLDFQGESLLSAGEADGVFTAVLSAADLAAYRTRFPANLDADTFELH,15.0,train,FALSE
D2VZH4,MSNNNNNTLFDEIICNSILLFLPPKDWRISKPFLISSKFSLVCSSEEFAKQFLINLFKLSSEQVEQLEKACLMMYNNSRSLLKPRKKKRKIHHDDDDDEANEKLGMNRIAKSMREVLWIYFEMCSAYDSESIKWDVIERLKEFHKGTVHVLETAQEELMTLQLESYLLKSFNYFTSEEPQRIMTRSKDFIISEKVLLKIFGNVKDLFLIATTANSTEINLCLFTSFGYPLFFKSEYFSMSHGSIKEKLDVFGKHVFMHQLSHGDATDKFDKEMLATLQELLFSKNVDEVLVKEGKIPEKDLTDVKLSLLYEFLQCCFGKNGTMFRRFSLGWVPFVGKVRLVVREVGSTDFGSSSEEEDDEDDDEEYQENADTFSDSEEEPIE,2.0,train,FALSE
A0A0F7IDW8,MISGVGPALVDRICLIDDFPPRGGQAIVRRSEKHAGGAAGNVIYGLSLFGVRTRFFSTIGDDEDGEFYRTEMERAGVECVFEVLECETGRVDVYVDRHGERTFFVFPNAAGRFYPYLRDEHYSWGEYFYLDPFPFEGSLNAHITIAERAKEHGKTVVLNPGYPYSKLGLEALSPLLKNTDIVFLSRDEYEMLRGIEQMVELTVITLGKEGSMAIRNGERTRVPALECEVVDTTGAGDAFAAGFLYAMMSGHGLEVCLAAGNFTACHNIQRLGARNFPKKEDLDEFIESYPK,88.0,train,FALSE
D2UYK0,MKNTARLVLKNSFKPSCRSFSTCQMQQGIWAGVNYAPLDAIKQLTISFNQDTAPNKILLGEGVYRTNEGKPKTLPSVREAEKIIFEKGLDHEYPPVTGVVDFCKATQKFAFGENSDRIATVQSISGTGSLCLAACYIKKFLPADTKVYFPNPTWVNHFNIFRAQGFTDDRIPTYRYFDKKTNGMDVQGALEDIKNAPAKSVILLHACAHNPTGVDPTMDTWKKISDICKEKQHYVLFDSAYQAFASGDANTDAQSFRLFVKEGHQIMLCQSYAKNFGLYGQRIGAFNVVTENAEEKKNVESQLGIIIRTQYSNPPLHGARLVTTVLNTPELKAQWEKDVKELADRIKLMRAKLVEELKKVGSTRDWSHITNQIGMFAFSGLNEQQVTKLKEEYHIYMTKDGRISISGLNTNNVATVAKAMHEVTKN,2.0,train,FALSE
D9Q0H1,MPETKYVFITGGVMSGIGKGIVSASTGLLLKSRGYRVGIVKVDPYLNVDAGTMNPYAHGEVYVTEDGGETDLDLGHYERFLGENLSKKHNITTGQVYYNVIMKERKGEYLGKTVQIIPHITDEIKQRLSSVARETGVDVLVVEIGGTVGDIEGLPFLEAARQMYVELGSNNVAFVHVAWAPVLSTTGEQKTKPVQHSVYELRRIGIQPNMVVVRSPRPLEAESRQKIALFSNLSPSDVISDHDVDYVYEVPLLLESQGYAARLLSRLGLQDREPDLEAWKSFVDRLKSIEKTVNIAMVGKYTKLRDSYLSIVEALRHAGVAVGVKPNLVWVEATEVEEGKIKVEDVLSTVDGAVVLPGFGKRGAEGKIRAIKYLRENNIPTLGICFGLQLSVVEFARDVVGLENANSTEIDPSTPYPVVDLLPWERDVKELGGTLRLGASQINLVKGTQLYDLYGRDVIYERHRHRYEVNPKYVEKLVEAGLIVSAWSPQGLVEAAELPRKEHKFFIGTQPHPEFKSRPLSPSPPYVGLLRAAQTK,82.5,train,FALSE
D2VHS5,MLATPSTPPQQQQQANTTTTTTTTTSSSTSAVSGGEDQLLKFFASKLSSLNVPTSLEASSSEDKANNPINKIVFADLEKEFSDIVGKLLSNEDVCKKVDLFLLDLFTSEKSTQSTNSDYELYENYIRVAYYLYLLSSRESTKNNFDLILLQHVPICLYVYFQTKNNSKLDETQQLFLSKIESVLLLIYNNEGVKRRETPDNEKTLTFIASQINGIKTRYNNTEKINATITPSKSDPTLSTSLLLGSSHANEDFYTGISSKTLYVRSELMKNQESLYPLFFRDHESSLPLATEINDKVLGVVCQTFSKRLDVLSLGSIFTFMRVVQKLVSQKVPYRIPTMEQVEIIRTRNEQAKKIMEESLKVIREDTTHESQSAGTSEFTSSISETEIQLDIETPTPKKDKKKKMYYHEYLTQLDLITMYSEHYGDVESNESTNEPVNARRIPLSESFINETLAVLKHTSQSLDKLSQQYAPQDLFGSKQTSSKAVIVEVLYAVYLRLIYDFVDSRSLLQVQSMLKMLD,2.0,train,FALSE
D2VQ60,MMQDPIKTEEINFEGNTLLEEEEEAMMESSEYHEDDSLAFNDSSAGLGMGSRQWQKDNSNNAQASGYNISVGITTRDESLPIYDTPCKMYSSLRYKLHYKCSVNAEQVTQLPKLLMCRITVIDDDSDKEIKKDNKPIIDDSLISLKNTSTANGNFGVFEANHKVKFRSVSFHHNKSKWRLLLQLFSDSNHNINTPVFVMRSAPFQVYARRPKVSERDSSNGLLNPSTATASSSQTTTKEEKRKKKAVEGQKKRKRSIKEVSVKQEVEATESTEPTTTEQSTTSTAPEVVVTEEVVAAPNPKKVKLMETFKKTLDLLIKHHSEMDEEDKLTGFHLIQHRLFQHFYGCTPEQLAYCQQQQECETAEVMQSGSADDLITIDTSSLFEPTESNETSMTDGNFSMDAMDFIGNQSLNDDFTSFM,2.0,train,FALSE
E4QCV1,MQQSLLEKVRKLNRVIQSKDKEVLDFDRLCSVVGDVTDSSVFFIDKDGRVICKYIMPFVNVDIKLSEEKKIGDNLQKFFWWFVDTRANMKFSDITRIAEIENKVGSEKELLCTSVPVIGGGRRFGTVLAFKSFSAFTEEDIIVLEYASTVIGLELLNLSKEEDEEEKKKREMIKSAIETLSVSELEALVHIFDELKGNEGLLVASRIADKVGITRSVIVNALRKFESAGLIETRSLGLKGTYIKVLNEMVRDEIQKQKEKLKLK,65.0,train,FALSE
D2UXA1,MPENNSSSSDAKMWIEKYRPHELTDLLSHTEIISTIQRLIDGGKLPHLLLYGPPGTGKTSTVLAIAKKLFGNRLTQNVLELNASDDRGIDVIRNEIKDFASTKGLKFFTAQKDTTPDIKLIILDEADQMTKDAQAALRRTIEKYSKNVRFCLICNYVNKIIPALQSRCTRFRFSPLKKHEVVSRLEEICKEENVIYNQVGLDAIYRLSNGDMRKCVNILQSTFMSFGQITEDNVHMCTGNPLKEDIRLIINSLFNDSLADAYKKVMNIKTERGLALQDILRDIHPYVMKLNIPIAVRIYLLEKMSDIEYRLSLGTSESLQTMALISAFQIAKEPVSSKNEEAALKLLTSEA,2.0,train,FALSE
D2V408,MSSSNKFFRVLHQSKKSKARVGQIITQHGIIETPNFVPVGTNGTLKGIDNHSLSSLDVQLMFSNTYHLLIHPGVEAIEQAGGLHKFISRKHPIITDSGGFQVFSLQSTPTEEGVFEGESPRKLIELKGQSKNKAHSESLVERVSEDGVTFRSYRDGKLLQLTPETSVTAQHKFGSDIIIPFDELLPEHVPMTVIEESLERTHRWELRSLKCHLELSKQCNKHQHMYCVLHGGTNLDLRKKSMDTLLDPSCFQFRDTEDGLPNGFEGIAIGGSLGSNREEMLDVLKFTYNYLEEKIPQDCFVPNHILGIGDIASMKSFIELGFDTCDSAYPTRLARHGNLIVGAASGNPTTLSIKSSASLGMHDRPIDTTCDCPVCSGPDAYSVAYLHHLFKMSEPTYITLSTIHNVRQMMIWMKTIRERIKNDEL,2.0,train,FALSE
S2KNC0,MPSTRQAPDGPLEHRQQSVKQQWLAILSVAVGAFALVTSEFLPVGVLNDVASDLGISAGHAGLMVTLPGIMAALAAPLLSVGIGALDRRYLLIGLTLIMIIANAVVACASDFNLLLFGRVLLGISIGGFWATAIALSGRLAPKGVGVAQATSIIMVGVTLATVLGVPVGTWLSGLMGWRMTFLVTALVGVPVLLAQLFLLPRLNPDKAIRISDLPALFINPQARVGLIAVLLIGLAHFAAYTYVAPFFKQSAGFDGPTIGSLLLLYGVAGVAGNIFAGFAANRSVRHTLLLVALMIATSTALFPHFATGMTGAAMLIALWGFAFGAFPACASIWMFVVAPKDVERGMPLFVAMFQVIIALGSFFGGQIVDQLGTAVLLSLATALVGCGFVTVLVLGRSVSNSLAAQPAN,15.0,train,FALSE
B7A9D9,MTVGVRFRTPVLRYFRFQGEPPPLDAYVVVRTSRGLEVGRVRTPPRRQKEVGEVVRLASKEDLDRAARLRAKAEEALFYLKARLKEEGVAAKVLGCDFTLEGRHLTVHYAAAERVNLRAFARELQERYGARVEFLAEGPREEARYLGALGACGMESCCSTWLQGFAQVSIKLARDQGLPLSPEKISGPCGRLLCCLTYEHPVYQELLAELPKKNARVCTKAGLCGKVQKVNPLKGTVEVLLEDGKSLEVPKEELS,70.0,train,FALSE
