ID,Description,Sequence
sp|A0A0B4U9L8|VMF1_VIPAA,Zinc metalloproteinase-disintegrin-like protein F1 OS=Vipera ammodytes ammodytes OX=8705 PE=1 SV=1,MLQVLLVTICLAVFPYQGSSIILESGNVNDYEVVYPQKLTALLKGAIQQPEQKYEDAMQYEFKVNGKPVVLHLEKNKGLFSEDYSETHYSPDGREITTNPPVEDHCYYHGHIQNDAHLTASISACNGLKGHFQLRGETYLIEPLKIPDSEAHAVYKYENVEKEDEGPKKCGVTQTNWKSDEPIKASQFILTPEQRAYMNANKYIKLAIVVDNVMFRKYTGNFTAIRTRIYEIVNTLNLIYTILNIHIALVFLEIWSKGDSINVQSVVDVTLNSFGEWRERDLLNRKRHDNAQLLTGINFNGDTIGFGFVGSMCIPKKSVGIVQDHSKTHLLVATTMAHELGHNLGINHDGDSCTCQANSCIMAAKLSHQPSYQFSDCSINELWMYLISHTPRCILNEPLTTDVVSPAVCGNYVVEEGEECDCGSLWYCRNPCCDAATCKLKPGAECGDGVCCYQCRFVTAGTVCRPARSECDIPEYCSGQSVECPMDHIQKNGKPCLMNHGYCYNGRCPIMIHQCIALWGPGTTVSSDVCFQRNESGQGYSYCRRENNQNIPCAPQDVKCGRLYCKFHNVNTLPCNFKYSDFAPDYGLVDHGTKCGDGKVCNSNRQCVDVNTAY
sp|A0A6B7FMR5|VMMP3_VIPAA,Disintegrin-like/cysteine-rich protein MPIII-3 OS=Vipera ammodytes ammodytes OX=8705 PE=1 SV=1,MIQVLLVIICLAVFPYQVSSIILESGNINNYEVVYPQKVTALPKGAIQQLEQKYEDAMQYQFKVKGEPVVLHLEKNKDFFPEDYSETHYSPDDREITTNPPVEDHCYYYGHIQNDADSTASISACNGLKGYFTLRGVTYLIEPLKIPESEAHAIYKYENVEKEDEDPKKCEFRRAGTECRPARSECDVAEYCTGQSAECPTDVFHSNGKPCLNNFGYCYNGNCPIMYHQCYALFGPNATVGQDGCFEWNKKGESYFYCRKENDVPIPCAPEDIKCGRLFCELIKNTCKYDYSEDPDYGMVDHGTKCGDGKVCINRHCVDVTTAY
sp|D1MEI7|MASTA_EUMPO,Venom peptide 2a OS=Eumenes pomiformis OX=693051 PE=1 SV=1,MRGTSFILFAVVVILGFLNANAEPLANPAPLANPDPLANPDPLANPEAFDLLGLVKKVASALG
sp|E0D877|APY_AEDAL,Apyrase OS=Aedes albopictus OX=7160 GN=APY PE=1 SV=1,MAGKPGIQLFVIFLLLSSFAAVVWAMDNMPADKDVSKLFPLTLIHINDLHARFDETNMKSNACTAKDQCIAGIARVYQKIQDLLKEYKSKNAIYLNAGDNFQGTLWYNLLRWQVTADFITKLKPTAMTLGNHEFDHTPKGLAPYLAELDKAGIPTLVANLVMNDDPDLKSSKIQKSIKVTVGGKTIGIIGVLYDKTHEIAQTGKVTLSNAVETVKREAAALKKDKVDIIVVLSHCSYDEDKKIAKEAGQDIDVIVGAHSHSFLYSKESNKPYDQKDKIEGPYPTIVESNNKRKIPIVQAKSFGKYVGRLTLYFDNEGEVKHWEGYPEFIDNKVKQDPKILEALIPWRKKVQEIGSTKVGETTIELDRDSCRDKECTLGVLYADAFADHYTNSSFRPFAIIQAGNFRNPIKVGKITNGDIIEAAPFGSTADLIRLKGDNLWAVAEHSLALDDENRTNCLQVSGLRIVIDPSKSVGSRVVKIDVMDNRNPKSEDLKPLDRNAEYFIALPSYLADGKDGFSAMKEATARWTGPLDSDVFKSYVEKIKKVDKLKLDRVIVCKAGSPCT
sp|O01949|ALL3_AEDAE,Aegyptin OS=Aedes aegypti OX=7159 GN=AAEL010235 PE=1 SV=2,MKPLVKLFLLFCLVGIVLSRPMPEDEEPVAEGGDDDASGESEGEEETTDDAGGDGGEEENEGEEHAGDKDAGGEDTGKEENTGHDDAGEEDAGEEDAGEEDAGEEDAGEEDAEKEEGEKEDAGDDAGSDDGEEDSTGGDEGEDNAEDSKGSEKNDPADTYRQVVALLDKDTKVDHIQSEYLRSALNNDLQSEVRVPVVEAIGRIGDYSKIQGCFKSMGKDVKKVISEEEKKFKSCMSKKKSEYQCSEDSFAAAKSKLSPITSKIKSCVSSKGR
sp|P01050|HIRV1_HIRME,Hirudin variant-1 OS=Hirudo medicinalis OX=6421 PE=1 SV=1,VVYTDCTESGQNLCLCEGSNVCGQGNKCILGSDGEKNQCVTGEGTPKPQSHNDGDFEEIPEEYLQ
sp|P18153|D7L1_AEDAE,Long form salivary protein D7L1 OS=Aedes aegypti OX=7159 GN=D7 PE=1 SV=2,MKLPLLLAIVTTFSVVASTGPFDPEEMLFTFTRCMEDNLEDGPNRLPMLAKWKEWINEPVDSPATQCFGKCVLVRTGLYDPVAQKFDASVIQEQFKAYPSLGEKSKVEAYANAVQQLPSTNNDCAAVFKAYDPVHKAHKDTSKNLFHGNKELTKGLYEKLGKDIRQKKQSYFEFCENKYYPAGSDKRQQLCKIRQYTVLDDALFKEHTDCVMKGIRYITKNNELDAEEVKRDFMQVNKDTKALEKVLNDCKSKEPSNAGEKSWHYYKCLVESSVKDDFKEAFDYREVRSQIYAFNLPKKQVYSKPAVQSQVMEIDGKQCPQ
sp|P81702|CEPL_CERFI,Cerato-platanin OS=Ceratocystis fimbriata f. sp. platani OX=88771 GN=cp PE=1 SV=2,MKFSILPMIASAMAVSISYDPIYAADLSMGSVACSNGDHGLMAQYPTLGEVPGFPNVGGIPDIAGWDSPSCGTCWKVTIPNGNSIFIRGVDSGRGGFNVNPTAFTKLVGSTEAGRVDNVNYVQVDLSNCINGAN
sp|Q177W0|AATI_AEDAE,Kazal-type trypsin inhibitor OS=Aedes aegypti OX=7159 GN=AAEL006007 PE=1 SV=1,MRHIGVFVGVLALALVLLVVEARSDAERGVCACPRIYMPVCGSNLKTYNNDCLLRCEINSDLGRANNLRKIADQACDNLTDNVNDFIPQEY
sp|Q26241|NP2_RHOPR,Nitrophorin-2 OS=Rhodnius prolixus OX=13249 PE=1 SV=1,MELYTALLAVTILCLTSTMGVSGDCSTNISPKQGLDKAKYFSGKWYVTHFLDKDPQVTDQYCSSFTPRESDGTVKEALYHYNANKKTSFYNIGEGKLESSGLQYTAKYKTVDKKKAVLKEADEKNSYTLTVLEADDSSALVHICLREGSKDLGDLYTVLTHQKDAEPSAKVKSAVTQAGLQLSQFVGTKDLGCQYDDQFTSL
sp|Q5TVM9|APY_ANOGA,Apyrase OS=Anopheles gambiae OX=7165 GN=AgaP_AGAP011026 PE=1 SV=1,MALVRFATIITVLCHLAIQDGAAKSFPHGEKAPFPLTLIHINDLHARFDETNQKSSTCTNSKECIAGIARVYHTIKQLKSEYKTKNPLYLNAGDNFQGTLWYNLLRWNVTAYFIKELPPDAMTLGNHEFDHSPKGLAPYLAELEKMKIPTVVANLEKNGEPALKDSKIARSIVLKVGNRKVGVIGALYDKTHLVAQTGMVTLTNSIEAVRKEAQELKKKNVNIIVVLSHCGLDGDKQLAEEAGDLIDVIVGAHSHSLLLNKDAKVPYDTKYDTIEGDYPLVVKKSNNHTVLITQARSFGKYVGRLTVNFDCEGEVQSWEGYPIYMNNSVKQDEEVLRELEPWRAEVKRLGTQVIGTTEVFLDRESCRWCECTLGDLIADAYADQYTNSTVQPVAFVQAGNFRNPIEKGDITNGLAIEAAPYGSSVDMIKLSGADLWSAIDHSFTLDDEFRYNTAQVSGMAVVADLSKKPYERVQSIDIVGANGAKTALKKDQIYYVVVPSYLADGKDGFAMLKKGTNRVTGPLDSDVLIEYVRKRQTIAKTMFQEKRVVIENHTNGTCSWDLDSQRYKPK
sp|Q6PQK2|NP7_RHOPR,Nitrophorin-7 OS=Rhodnius prolixus OX=13249 PE=1 SV=1,MELYTALLAVTILSPSSIVGLPGECSVNVIPKKNLDKAKFFSGTWYETHYLDMDPQATEKFCFSFAPRESGGTVKEALYHFNVDSKVSFYNTGTGPLESNGAKYTAKFNTVDKKGKEIKPADEKYSYTVTVIEAAKQSALIHICLQEDGKDIGDLYSVLNRNKNALPNKKIKKALNKVSLVLTKFVVTKDLDCKYDDKFLSSWQK
sp|Q7YT37|ALL3_ANOST,Aegyptin-like protein OS=Anopheles stephensi OX=30069 GN=AAPP PE=1 SV=2,MKLLLLLASVLCLALIVSARPSDETTDQESSTELSEDTSDSYHQEEDTSETGADAGTEDGNSEDDSSELESSSEEGHEDGSEDATGEEGGAGEKGEAGEEDEAGEEGEAGEEGEAGEEGGAGEEGGAGEEGGADEEGSAGEEGGAEGGEESPVNTYHQVHNLLKNIMNVGTKNNYLKSFILARLQERLMNPTIDLVGSISKYSKIKECFDSLADDVKSLVEKSETSYEECSKDKNNPHCGSEGTRELDEGLIEREQKLSDCIVEKRDSE
sp|Q95P65|APY_GLOMM,5'-nucleotidase-related protein OS=Glossina morsitans morsitans OX=37546 PE=1 SV=1,MKSLIGTLGLYCLFILTNNVVSSYGDDLYPLTIMHTNDFHARFEETNVKGNPCKSGEKCIGGLARVLHTIKKIIKEQEKKNIESLYINAGDNFQGTIWYNIGRWNVTSELMNIQPPDVMVLGNHEFDHGIDGLLPFLNNMDKTEIVVANMDARDEPQVAKKIKPFTIIKKKYRNIGVIGVVVEEVPDLANTGKLKFRNESEAILEAARNLKKEDPSVNIIIVVSHVGFDVDKIIAERTGSEVDIIVGGHSHTVLYTGTPPGPEKPEDNYPYVYNHPSGNKVLVVQAVCHAKYVGNLTVFFDKKGKVVTYEGAPIYMDTKVEQDKDVLEAMKPWRKLIDEKTKLVVGRTNVDLPRDICRSEECALGNLYTDSMIYAFGGKENCKSGSTWTTAPIAFVHAGAMRSSLHQGDILYSDALLLSPFTNMVVAYDLPGAQLKAALEFSAAPKNEDEKRRFLQMSGLKVTYNMSRAANNRIVDLKVRTNVCPYDQYENLDEKKTYRVVSPSFLQGGGDGFKMLRDYAKNIQNQKIDLDALVDYLKKFSPLAPKAEGRITIIH
sp|Q9NJS1|SATPA_ANOAL,Salivary thrombin inhibitor anophelin OS=Anopheles albimanus OX=7167 GN=AT PE=1 SV=1,MANKLVLISLLCVVLVAKITQAAPQYAPGDEPSYDEDTDDSDKLVENDTSITDEDYAAIEASLSETFNTAADPGRRLGEGSKP
sp|V5TBK6|VMH4A_VIPAA,Zinc metalloproteinase-disintegrin-like protein H4 subunit A OS=Vipera ammodytes ammodytes OX=8705 PE=1 SV=1,MIQPLLVVTCLVVFPYQVSSIILESGNVNDYEVVYPQKVTSLPKGAVQQPEQKYEDTMQYEFKVNGEPVVLHLEKNKGLFSEDYSETHYSPDGREITTNPPVEDHCYYHGHIQNEADSTASISACNGLKGHFKLQGETYLIEPLKIPESEAHAVYKYENIEKEDEAPKMCGVTETNWESDEPIRKASQLVATSEQRRNIQKYIELVIVVDNVMFRKYTGNSTAIRTRIYEIVNTLNVVFRNVHIFVALVGIEIWNKKDQIKVKSAESVTLDLFGDWREKDLLRRKRHDNAQLLTGIDLNEQTLGIAPMSGMCKPKSSVGLIQDYCKSYLLVAIVMAHELGHNLGMDHDDGNCICREMPCIMSPEAGSKPAFYFSDCSWNQYQKFRNDIKSKCIDNKPLKTDIVSPAFCGNYFVEEGEECDCGFPGNCRNPCCNATTCKLTPGSECGDGECCDQCRIQTAGTECRPAWDECDVPEYCTGQSAECPTDVLQRNGQPCKNNNGYCYNGVCPILTNQCISLFGSSVTVAPDRCFNNNLQGTENFHCGMENGRYIKCKPQDKKCGRLFCVEPPTGGGINCKSIRSEGDPDHGMVDLGTKCADGKVCNSNRQCVDVNTAY
sp|W8EFS0|V5NTD_MACLB,Snake venom 5'-nucleotidase (Fragment) OS=Macrovipera lebetinus OX=3148341 PE=1 SV=1,AREKVGIIGYTTKETPVLSNPGPYLEFRDEVEELQIHANKLTTLGVNKIIALGHSGFFEDQRIARKVKGVDVVVGGHTNTFLYTGSPPSTEVPAGNYPFMVQSDDGRQVPVVQAYAFGKYLGYLNVVFNDKGNVIKASGNPILLNKDIPEDQVVKAQVNKMKIQLQNYYSQEIGKTIVYLNGTTQACRFHECNLGNLICDAVIYNNLRHPDDNEWNHVSMCIVNGGGIRSPIDERANNGIITLEELTSVLPFGGTFDLLQIKGSALKQAFEHSVHRHGQGTGELLQVSGIKVVYDLSQKPGSRVVSLNVLCTKCRVPTYVPLEMEKTYKVLLPSFLATGGDGYHMLKGDSSNHNSGDLDISIVGDYIKRMEKVFPAVEGRVTFLDGTLFQAQLFLTWGLCISLLFFIL
sp|A0A0K8RCY5|IRS3_IXORI,Iripin-3 OS=Ixodes ricinus OX=34613 PE=1 SV=1,MKVITAFLSVFVLCSAEDDDKLTVASNDLGMRMLPLLPSSPGENIFFSPYSLSIAMGMAYAGAGGETRQELHENLGYSRAGLPEAEVLDAYARQTQRHLSDPSNTTVDVANTAAIHLGLPLLDEYETILRNSFNADLQKVDFVENGQGAVDVINSWVKDKTHNKIESLFSEPLDPLTRFVLLNAMYFKGTWKTEFQKRRTEQRSFFNGGVTQAQVDTMIGKIRIRHNSFNDVGVDVAELPYRGGDYSMVILLPQEKTGVEALKTNLTAGLFKTLLDRLVQRQVTVFLPKFKFESKYSLKEILQNMGIRRIFGGGADLSGISGDTSLEVYDVVQKAVVEVNEEGTEAAVVSAVIGGLRSGSFDGFEFRVDHPFLFFIRDTRTNAILFVGQVNHL
sp|A0A1S4FGH1|FXDIR_AEDAE,FXa-directed anticoagulant OS=Aedes aegypti OX=7159 GN=SRPN25 PE=1 SV=1,MYLKIVILVTFPLVCFTQDDTPLSKPMAIDYQAEFAWDLYKKLQLGFTQNLAIAPYSLRKIFVCLQQLTVSTNPASAALSEQLKNVLKFNPKGKLPDLVRRRYSSQRAMLERENSFNTTTLAAVIGREKKTNSFWDLPNSCAIFVGSLRPGSPKQMSRRFNAAMRNISKSGMQNFLSTSDIDRDLDFLIADSWIFKGLWSYQFEEQHTTTCNFYTNSTSKGLMRFMYLQEYLKYGYFSEWNVEAVELPLHHGSSFSCMLMMPVKADIGVLIKSLNHRRFKDIYSKMSFSKTDVRLPQFTLRIKFSAKSILQQFGFNAAFNESVFHVFDNKNAVPLGDVIQKVKLVMDHDGEQSAKMYVDRRMGNLFIAHQPFIFVIFEKTQLVPIIVGHMVTASTPKDIGPESDEISCDRPPRYQ
sp|A0A1S4K3K8|D7L1_CULQU,Long form salivary protein D7L1 OS=Culex quinquefasciatus OX=7176 GN=D7L1 PE=1 SV=1,MKALIFLGAIIAGVLSDEWSPMDPEEVAFEEAKCMEDHFGNDFGLAEKWMKWNLAESDGKTACYVKCLVEALGMYDKQAFQPNNIKRQYEAYKSDNGVDQAKSDAISNELGKIDAKDGKCESIAKGFIQVNNANKGVLEKIYLLDSSVRDAIYKKNPQIKPKGISIFRFCGKQFYQDGEAAYCNVRKHGFSDDPKFIKHSNCTTRGMRWMKKNGEMDESAILRGLHAVNENGKDDVVKKSLQNCKAKDESKARDYYKCIYDGLGEQLFMKVLDYIEVRSENYSYRLREATSKYDANAMRSKVKALDSEAKC
sp|A0A2Z5Z9H5|ACT2_CRIJA,Deep sea actinoporin Cjtox II OS=Cribrinopsis japonica OX=1799150 PE=2 SV=1,MNRLIIVCLVAAMIYSTIALPMKEDISNDERPISVNEEPVKKNAAVAGAVIQGATLTFQVLDRILTVLGDISRKIAIGVDNESGRKWTAKNAYFFSGTSDVVLPYSVPNGKAFLYDGKKTRGPVATGAVGVLAYSMSDGNTLGILFSVPYDYNWYENWWNIKVYSGSKRANKWMYENLYYNASPHKGDNGWHEKSLGYGLKSRGYMASSGQTKLEIRVTRA
sp|A0A346CIA0|3NBA_SPISL,Sulditoxin subunit A OS=Spilotes sulphureus OX=1899469 PE=1 SV=1,MKTLLLALAVVVLVCLGSANQLGLGRQQIDRRQRQAIGPPYGLCFQCDRKTSPDCSTAKKCPWYHTTCYTLYKPDDACGEEWAVKGCAKTCPTAGPYERVKCCYKPECNND
sp|A0A6G9KHE4|MRI1A_MANRB,Delta-myrmicitoxin-Mri1a OS=Manica rubida OX=219785 PE=1 SV=1,MEVPKFLFIAVIVIALSSSLTWAHPMAAPDPNAEAAAGAWAEPAAEPAAEAVAEAAAEAAAEAAAEAVAEAVAEALAEAESEPGLPLLALLMTLPFIQHAITNG
sp|A0A6M3Z554|TX11A_TETBN,U11-myrmicitoxin-Tb1a (Fragment) OS=Tetramorium bicarinatum OX=219812 PE=1 SV=1,LAMAMGDAVADAQARAMAAAYAIAGKEKEKLKQCFKDMTLAAIDYAKHKVEKHLFKCI
sp|A0SPI1|CRBLH_VESMG,Vespid chemotactic peptide 5h OS=Vespa magnifica OX=202807 PE=1 SV=1,MKYNIVFLFAIIASLACLQLTFAAPAASPLANPGASPDAAPNADPLADPFLPIIGKLLSGLLGKK
sp|B3A0N5|APY_TABYA,Apyrase OS=Tabanus yao OX=485572 GN=APY PE=1 SV=1,MFKITVFIYVLQLILPSKVHSSPVPDSDNGLREFPLSIVHINDFHARFEQTDELGGQCKPTAKCVGGYARLVTTVKKLKEEGQNTIFLNAADNYQGTLWYNLGKWNVTAYFMNLLPADAMTLGNHEFDDKIEGIVPFLEVIKTPIVVANIDDSLEPTFKGKYTKSVVLERGGRKIGIVGVIAQNTDNISSPGKLRFLDEIQSVKNESKRLREEEKVDIVIVLSHIGLDHDYDLAEQAGDYIDAIIGGHSHSFLWTGDNPPGKEKVVDAYPVEIVQTSGKKVLIVQASAFARYVGNITLYFGENNNLIRYAGAPVYLDSDVPEVPQIVEEMKAWEEFVHEKGNEIIAESRVVLSRENCRVSDCNIGNFFTDAYVHEYVTSHTGPYWTPVSVGLMNVGGIRASVDRGNITFSQLITMAPFENTVDTFDLSGKHLLEAFEHAVTVPNRLGFNGQNMLQVSGVKLVYDVTKCEGQRVVSAKIRCQKCDIPKYEPLDPEETYRIVTASFLANGGDGFTMIRDNKKNYKVGRKDYDVLINYAKYSSPITIGEEGRIRIIQ
sp|C0HLS4|5API_HETMG,Pi-stichotoxin-Hmg5a OS=Heteractis magnifica OX=38281 PE=1 SV=1,MDYQRLLFLFAVAMVITTTVALPQDTALMDGNGTGQLQKRGTPCKCLGYTGVYWFMITRCPNGHGYNLSCPYFLGVCCVKK
sp|C0HM65|KAX48_CENMA,Potassium channel toxin alpha-KTx 4.8 OS=Centruroides margaritatus OX=29018 PE=1 SV=1,TFINHKCKSSSECLPACKAAIGRASGKCINSTCKCYY
sp|D1FQ14|ALL3_SIMNI,Simplagrin OS=Simulium nigrimanum OX=683695 PE=1 SV=1,MKKFCLIFLLLALTALHVKGSPIPDEESEETEDAEQEEDAEEEEHAEEEAQEDGDQTQDTDQESDDGQEETANQGSDEQQEEDGSHGTDETDDEAAGSRTEDVESGGDEQNDGEENGSQENGEEVTGGEDDSHGAQDSEGGEEDAAAQEAGGKKSKGKGAKGGQGSNRAGSSSGGEESAAHTYQEVMRILNGIKINAKEPLKSRLVNGLQYLKVDTINRVENIQKFSRIEHCFGNLDHIVQLYAGDAVERNDYCKGTCIDMVSNEFRGQMEELTSRLYPCLQGGYY
sp|F5GTK6|VKGUA_SIMGU,Guianensin OS=Simulium guianense OX=445764 PE=1 SV=1,MKIALICSVFLVCLAYTWADEDVCSLPMNDGLCRALHKRYYYDSATKTCKMFYYGGCAGNANNFETKRACAEKCYKNKALIKTRKRKPKKKKNNKESSEMTIINMD
sp|G3CJR9|VA5_DIPMA,Salivary antigen-5 OS=Dipetalogaster maximus OX=72496 PE=1 SV=1,MAKTQCPLVFSLLALALIGTLQSSAAQCQNSNQFLGSLEITGKYRKAVVSIHNYYRNLTAAGEAGEYYKQPPAENMLQLTWDDDAASKAVELANTCVFGHDGAKDKDDKPMGQNIALKMSSTQSDVNKSYDEWMTGMVKDWFDEVKDYSFGSGFSSGTGHYTQIVWANTSKVGCGYSYYKEGTWYAGYLVCNYKPPGNWYGQDPYIQGNVNCEKHNLGRSKNYNNLCVTKRKKKNNKSGSTQRTNFQEK
sp|O96559|APY_CIMLE,Apyrase OS=Cimex lectularius OX=79782 GN=APY PE=1 SV=1,MRSSYRVGNPIRFQPTNVVGLLLLSLVLSFMLVQSYELGHASGETNANSKYPLTTPVEENLKVRFKIGVISDDDKNAVSKDESNTWVSTYLTGTLEWEKSTDKITVQWDKGNEKKVKSKYSYGGRGMELSELVTFNGNLLTFDDRTGLVYILKDDKVYPWVVLADGDGKNSKGFKSEWATEKAGNLYVGSSGKEWTTKEGTIENYNPMWVKMINKNGEVTSLNWQTNYEKIRSSMNITFPGYMWHEAACWSDKYNKWFFLPRALSQEAYDSKKFETQGANVIISCDDKFEKCEPTQIQGKTEDKRGFSNFKFVPTSEDKIIVGLKTVEADDTTETYFTAFDLEGKVLLEETKIDDHKYEGVDFV
sp|P01518|CRBL_VESCR,Crabrolin OS=Vespa crabro OX=7445 PE=1 SV=1,FLPLILRKIVTAL
sp|P0C1Q5|MASTP_PROSY,Protonectarina mastoparan OS=Protonectarina sylveirae OX=91438 PE=1 SV=1,INWKALLDAAKKVL
sp|P0CJ38|MASTE_EUMRB,Eumenine mastoparan-ER OS=Eumenes rubrofemoratus OX=1035770 PE=1 SV=1,FDIMGLIKKVAGAL
sp|P0DQV6|ACTL4_HYDVU,Hydra actinoporin-like toxin 4 OS=Hydra vulgaris OX=6087 PE=2 SV=1,MLLFKLIVCFFFIFAIGANENKKDETSGENEPSENADVNSEASVVKEAFKKPASRKVNVKPPAAKPPAASKITKPQVPPQKKPPAPKQTTTKKPLLANIEGKIKGAANETTKYLTNLAKEMGKEAESALKEKAKEALTGLLDKADINGAFNAIASIWKNNENKPARYWKCAVENLSEETLVALGTTPYSGNVKTVLSDIPPQSTGVFVWESDSALTGAAGVVHYQLGDKILNIMASDPYDWTLYGAWANVRVSDNKETFDNLYSGKNGAQYPTKAGNWGIADGVKFFLTNNKEAEFQVIFSG
sp|P0DQX2|CDKA_CONPG,Alpha-conotoxin PiXXA OS=Conus princeps OX=101311 PE=1 SV=1,MPKLEMMLLVLLILPLPYFDAAGGQSVHVDGYGDGLARYLQRGERAVKKTCIRSTPGSNWGRCCLTKMCHTLCCARSDCTCVYRSGKGHGCSCTS
sp|P0DQY0|CA1A_CONOB,Alpha-conotoxin OI OS=Conus obscurus OX=89447 PE=1 SV=1,YCCHPACGPNFSC
sp|P0DRC2|AITX3_METSE,Alpha-actitoxin-Ms11a-3 OS=Metridium senile OX=6116 PE=1 SV=1,MASKIFFVLAVFLVMSAVLPESFAGCKKLNSYCTRQHRECCHGLVCRRPDYGIGRGILWKCTRARKG
sp|P0DRC4|CON81_CONMM,Macroconotoxin Mu8.1 OS=Conus mucronatus OX=1127826 PE=1 SV=1,MDMKMTFSGLVLVVLVTTVVGSSVRRGENSDNLTHCRLFEFRLCLLECMSLTLDHCYARCTTVITQIHGSDTNRFDCTIFKTCYYRCYVLGKTEDHCWKGTATSVTGDVGDLEFC
sp|P0DRC9|TX44A_SCOMU,Kappa-scoloptoxin SsmTx-I OS=Scolopendra mutilans OX=2836329 PE=1 SV=1,MMMMFSVVSVFLMLLLLKFHDLSMGEEISLLKKVVRREESMLLSCPDLSCPTGYTCDVLTKKCKRLSDELWDH
sp|P23605|ACH2_LONAC,Achelase-2 OS=Lonomia achelous OX=7125 PE=1 SV=1,IVGGSTTTIASYPEITALLYFNRQACGGTILNNRSVLTAAHCPFGDAASSWSFRVGSTNANSGGTVHSLSTFIIHPSYNRWTLDNDIAIMRTASNINFINNAVRPGSIAGANYNLADNQVVWAAGWGTTSPGGSLARFPGVNARHVQIWTVNQATCRTRYASIGHTVTDNMLCSGWLDVGGRDQCQGDSGGPLYHNGVVVGVVSRYTAWIQSNA
sp|P41736|TX1A_PARCV,Glycyl-poneratoxin OS=Paraponera clavata OX=55425 PE=1 SV=2,FLPLLILGSLLMTPPVIQAIHDAQRG
sp|P69436|MAST1_AGEPP,Agelaia-MPI OS=Agelaia pallipes pallipes OX=313352 PE=1 SV=1,INWLKLGKAIIDAL
sp|P83433|NVSP_ALIVI,N-V protease (Fragment) OS=Alitta virens OX=880429 PE=1 SV=2,QAPNYSTASYNVVAVKINLFLSTNNKLYIHDTGVRAVYLAGMKVYLAANPTASSQTFNSDTLVYILDTGINEPNYYINLY
sp|P85874|MAST_POLMJ,Mastoparan-like PMM OS=Polistes major OX=91420 PE=1 SV=1,INWKKIASIGKEVLKAL
sp|P86407|NDB2_MESEU,Meucin-49 OS=Mesobuthus eupeus OX=34648 PE=1 SV=2,MNKKILLVIFIVTMLIVDEVNSFKFGSFIKRMWRSKLAKKLRAKGKELLRDYANRVLSPEEEAAAPAPVPAKRRR
sp|Q06B72|IRS8_IXORI,Iripin-8 OS=Ixodes ricinus OX=34613 PE=1 SV=1,MTRLLWLFAAITASLAQDEISQDKWKLARANNYLGLNLLKQLPSNDKTNVFLSPFSVSTAMGMAYAGARGDTLEQLTLNFGYAADELNEGKVLALFKEQLQSTNDLPHDYTLNIANAAVAQEGYGILPEYTDALTSSFGAEYIEADFQKRGQEAIQKINAWVSNRTHGKVQSLFDEPPDFSTRLILLNAIYYKGTWLYEFDKTKTKPRSFYNGGVEKVQVPMMRLKSTLNHTYNAILNADLVDLPYVGNDFSMTIILPREKTGLASLKSVLTSQTLNLALQNMYPKDMKLKLPKFKLDTKYTLKPPLEAMGITKIFSADADLSGISGSRNLYVFDVLHKAVLEVNEEGSEAAAVTGFVIQLRTAAFVTPPPLPKVYVDHPFIFLIRNSKTNTIMFLGEINAL
sp|Q06B74|IRS2_IXORI,Iripin-2 OS=Ixodes ricinus OX=34613 PE=1 SV=2,MEDFKMKTLAAFLSLLVLCWAQEEAKLTKANNRFGLRLLRALPSGPEKNVFFSPYSVSAAMGMAFAGARGQTQQELSQGLGFSDVDLTDAGVLDAYTHHTERLKSTPSNSTLDVANAAAIQRTLALLNSYESALQSSFGAELHKVDFAGEPQAAVDFVNNWVKRKTHDKIEKLFNEPLDPDTLLVLLNAIYFKGEWNTAFVKEHTEKRQFFNGGVTPVEVDTMRLEARIKYRFFDDLQVEVVELPYRGLDYTMAILLPKENTGVEGLKQNLTVDRFQNYLSDLRERKITVLLPKFKLETKYSLKAPLQSLGIKQIFESGADLSGINDERLRVSAVEHKAVVEVNEEGTVAAATTGVVIVPYSLGPEPVVFRVDHPFLFFIRNTRTDDIFFVGQVNKL
sp|Q06K77|APY_PHLDU,Apyrase OS=Phlebotomus duboscqi OX=37738 GN=APY PE=1 SV=1,MFLKFCVVAFAICLSINLSEGAPSSETIYKFAIIADLDRKSISQKNDNNYKSIVKIGQLNQVGRKFNFAMENKDHEIFTKYAYKGRGAELSEFLVYKWKLYTFDDKSGIVFKLKNNADLVPWVILANGNGDQVDGFKAEWATTKGDKMYVGSTGISWSDSTGKLNSNSLWIKEINQDGKVLSSNWKEYYDKMKSAMNMPKGFIWHEAVNWSKKKNQWVLLPRKCSELPFDTETEETIGCNKIIIASENFQKINSIDIKGTPFDPAAGFSSFKFLPDSDDQILIALKTIEKNGKTATYLTVIDITGKVLMSDKIVNKDKFEGIVLLKSTEGFLKRKE
sp|Q0IF93|D7L2_AEDAE,Long form salivary protein D7L2 OS=Aedes aegypti OX=7159 GN=D7L2 PE=1 SV=1,MFPPRKFLLSSFILAALHVTAAPLWDAKDPEQLRFITSRCMEDWYPKAKNPKAALQNWLGWKLEPSDDQATQCYTKCVLEKIGFYEPGEKRFKGVRVMQQWETFHKYLNADREKVHDLTSTFDFIPPLKSSSCSEVFEAFKKVNGKHSETIRAILFGKGESSKKYYQEKGVKIKQKEQSLFMHCEALNYPKGSPQRKDLCGIRKYQMGSGIVFERHMECIFKGLRYMTSKNELDVDEIARDFIVVKKKPDAMKAMMKTCKANLKEKNPGKIAVHYYKCLMNDSKVTNDFKEAFDYREVRSKDYFAALTGKLKPYSRSDVRKQVDDIDKIQCS
sp|Q5EPH2|TCI1_RHIBU,Carboxypeptidase inhibitor OS=Rhipicephalus bursa OX=67831 PE=1 SV=1,MAATLPVFAVVFFAMVLASSQANECVSKGFGCLPQSDCPQEARLSYGGCSTVCCDLSKLTGCKGKGGECNPLDRQCKELQAESASCGKGQKCCVWLH
sp|Q5WPS9|NUC_LUTLO,Salivary endonuclease OS=Lutzomyia longipalpis OX=7200 PE=1 SV=1,MHLQLNLCAILLSVLNGIQGAPKSINSKSCAISFPENVTAKKEPVYLKPSNDGSLSTPLQPSGPFVSLKIGESLAIFCPGDGKDVETITCNTNFDLASYSCNKSTSTDTIETEEVCGGSGKVYKVGFPLPSGNFHSIYQTCFDKKNLTPLYSIHILNGQAVGYHLKHTRGSFRTNGIYGKVNIDKLYKTQIEKFNKLFGPKQTFFRRPLNFLSRGHLSPEVDFTFRREQHATEMYINTAPQYQSINQGNWLRVENHVRDLAKVLQKDITVVTGILGILRLKSKKIEKEIYLGDDVIAVPAMFWKAVFDPQKQEAIVFVSSNNPHVKTFNPNCKDVCAQAGFGNDNLEYFSNYSIGLTICCKLEEFVKRNKIILPKEVNNKNYTKKLLKFPKTRNKEGDKKVVRKRAKGA
sp|Q5WPZ4|SALO_LUTLO,Salivary anti-complement protein OS=Lutzomyia longipalpis OX=7200 PE=1 SV=1,MKFFYLIFSAIFFLADPALVKCSEDCENIFHDNAYLLKLDCEAGRVDPVEYDDISDEEIYEITVDVGVSSEDQEKVAKIIRECIAQVSTQDCTKFSEIYDCYMKKKICNYYPENM
sp|Q5ZPJ7|VKT_NAJAT,Kunitz-type serine protease inhibitor NACI OS=Naja atra OX=8656 PE=1 SV=1,MSSGGLLLLLGLLTLWAELTPVSGRPRFCELAPSAGSCFAFVPSYYYNQYSNTCHSFTYSGCGGNANRFRTIDECNRTCVG
sp|Q7M3P9|HTN_HAEGH,Hementin (Fragment) OS=Haementeria ghilianii OX=6409 PE=1 SV=2,TTLTEPEPDLTYLTFVXIVXXEMPIFVMATANSGITSTF
sp|Q7Q3J5|AGA_ANOGA,Agaphelin OS=Anopheles gambiae OX=7165 GN=AgaP_AGAP007907 PE=1 SV=3,MKMRVHLLAVSVLLVVLALQTTPAEADINSEMATCACQLIYRPVCASNNESYSNECVLKCASETPTGRSIGLHKVKDGNCNGEF
sp|Q7Q3R9|SATPA_ANOGA,Salivary thrombin inhibitor anophelin OS=Anopheles gambiae OX=7165 GN=AgaP_AGAP008004 PE=1 SV=3,MASKLFVLAFLCLALVVVVQSAPQYARGDVPTYDEEDFDEESLKPHSSSSSDDGEEEFDPSLLEEHADAPTARDPGRNPEFLRNSNTDEQASAPAASSSESDE
sp|Q95NY5|D7L1_ANOST,Long form salivary protein D7L1 OS=Anopheles stephensi OX=30069 GN=D7L1 PE=1 SV=1,MIIVAVLLSFLAHLLVQASQPWKALDAEQALYVYKRCYEDHLPSGSDRKTYMTLWNAWRLEPNDAITHCYAKCVLTGLQIYDPQENAFKSDRIPVQYQAYKTITQSKQKEVTEYQKALAAANAKSGSCVDLYNAYLPVHNRFVNLSRQLYHGTVEGAAKIYAAMPEIKQKGESFHAYCEKRAWKGNKQSEWKNGRRYKLTGSPELKDAIDCIFRGLRYMDDTGLKVDEIVRDFNLINKSELEPEVRSVLASCKGSEAYDYYVCLVNSRLKQHFKNAFDFHELRSADYAYLLRGKVYENPEKVKEEMKKLNTTVHF
sp|Q95V94|D7R1_ANOST,Short form salivary protein D7R1 OS=Anopheles stephensi OX=30069 PE=1 SV=1,MFRKVFSVALVTCGLLVIVQAAKKVEQCEKRIPDSLKPKLCQIRQYQLLEGADMEKHIDCVMRALGFVHPDGSGNYHALIEPLNAIDKDRKHGFNLETCGGNRDKLPKRKRAYAFYKCMLKSTSADSFKKAFDLKELVNAGKLSATAKYSPQVDTLMAQIDGMICK
sp|Q95WY7|SP14_IXOSC,Anticoagulant salivary protein 14 OS=Ixodes scapularis OX=6945 GN=Salp14 PE=1 SV=1,MGLTGTMLVLVSLAFFGSAAAHNCQNGTRPASEQDREGCDYYCWNAETKSWDQFFFGNGEKCFYNSGDHGTCQNGECHLTNNSGGPNETDDYTPAPTEKPKQKKKKTKKTKKPKRKSKKDQEKNL
sp|Q964Q0|IXOSP_IXOSC,Ixolaris OS=Ixodes scapularis OX=6945 PE=1 SV=1,MRAVSCFLYYGVAWIALGSWGASSSAERVSEMDIYEFESWVSCLDPEQVTCESQEGTHASYNRKTGQCEEQKGTECGGGENHFETLLKCNESCNDAPKPPCSLEVDYGVGRANIPRWYYDTNNATCEMFTYGGITGNKNNFESEEECKETCKGFSLLKKVNVTIN
sp|A0A0K8RJ89|IRS5_IXORI,Iripin-5 OS=Ixodes ricinus OX=34613 PE=1 SV=1,MKTLIVLMCSLVVVWARYENEMRLANNRFAVDLLRGLPSSPEKNIFFSPYSISTAMGMVFAGAKGETLKNLYDGFGYLRSGLKEDWVLQAYADHAKQLQVGQSQSTFDVANAAAIHERLALLSAYENTLDSTFHAQLLKVDFVNGGPAAIDEINRWVKQKTHDKIDKLFDGPLDPLTRLVLLNAIFFKGVWSTKFDENATTKKQFLNGGTTPTQVDTMTKSIRIGYKLLPTMRLEIAELPYDGGNYSMVILLPRGSEGIEAFKHSLTDHRLQDYIGHVELREVAVSLPKFKLETEYSLKDSLKSLGITEIFGTQADLSGISSDGELVVSDVVHKAVVEVNEEGTEAAAVSGVAVVTRLIEVPTLELNVNQPFLFFIRNTHTKDLLFAGQVNHL
sp|A0A1D0BRB0|TI1A_HADIN,U18-hexatoxin-Hi1a OS=Hadronyche infensa OX=153481 PE=1 SV=1,MRIYSLLILSFLLLASAVLINSAEMPRSEKSLLYSIMQGREDSEEGRCLGPMDECNVFDDNCCAGWLKCNCDWGFAGNCRCSKTPKEG
sp|A0A1D0BZF5|T31A_HADIN,U3-hexatoxin-Hi1a OS=Hadronyche infensa OX=153481 PE=1 SV=1,MKLLYFFVVITVLVAVAAALPAKTEEQIAAEENQLVEDLVQYAGTRLTRKRATRCSKKLGEKCNYHCECCGATVACSTVYVGGKETNFCSDKTSNNGALNTVGQGLNVVSNGLSAFQCWG
sp|A0A1Q1NL17|HA11_HYAAI,Kunitz-type anticoagulant protein HA11 OS=Hyalomma asiaticum OX=266040 GN=HA11 PE=2 SV=1,MKTYLILATLALIFSAMLTNICAVAFEQPKYCTEAPGDGKCPGEVRPAISTANWTFSKSFGGCVAHRWGSCGNHSNVFPKCLSCMTTCDPENATTYCDGWN
sp|A0A1Y9G8D0|GSG7_ANOAL,gSG7 salivary protein OS=Anopheles albimanus OX=7167 PE=1 SV=1,MAVRMTVILPLAMALICLMQAEPATAANNHIRTVLKLFRTIDLDDSKKSFYLTAAKYGIQTQLREPIIRIVGGYLPSTKLSEACVKNMISEVYEIEGDFYSKFSYACEDHAPYSVECLEDARDDYLTQLVELFKETKKCLRE
sp|A0A2K8JW87|TX19A_PRIPG,Venom peptide U-reduvitoxin-Pp19 OS=Pristhesancus plagipennis OX=1955184 PE=1 SV=1,MSPYSILFVVVIALCLLPESIVGVCWDTGCQLNAWAVRGCAQYGMRDVNMKSCSGGIIYTCCD
sp|A0A346CIB0|3NB2_SPISL,Sulmotoxin 2 OS=Spilotes sulphureus OX=1899469 PE=1 SV=1,MKTLLLALAVVAFMCLDSVYPLNCFQCNRETWWKCSEAKRCRLGNKCYNLYNSDGKWTVKGCAQTCPTAGPDERVKCCYISECNRY
sp|A0A452CSQ9|TL1A_HADIN,U21-hexatoxin-Hi1a OS=Hadronyche infensa OX=153481 PE=1 SV=2,MKTILSMLIFVALFAAIVGNRWNLGYGIPHKQVKLPNGQLCKEPGDSCSKRDECCKADDQKTYSSGCAQTWSAMEGGFVRECYICAVESSMC
sp|A0A6M3Z4D9|TX10A_TETBN,U10-myrmicitoxin-Tb1a OS=Tetramorium bicarinatum OX=219812 PE=1 SV=1,MRVSYLSLTLTIVVVIAIIYAPETEAKAWADADAEAGLGFLAKIMGKVGMRMIKKLVPEAAKVAVDQLSQQQ
sp|A0A6M3Z541|TX13A_TETBN,U13-myrmicitoxin-Tb1a OS=Tetramorium bicarinatum OX=219812 PE=1 SV=1,MKLIYIFSLVAVIAVTMIPGIMGEAEAEGRPPQIGIFDQIDKGMAAFMDLFKG
sp|A0A6M3Z9I6|TX8A_TETBN,U8-myrmicitoxin-Tb1a OS=Tetramorium bicarinatum OX=219812 PE=1 SV=1,MKLSFLSLAFAVIFVMAIMYAPQVEAKASADADADADAAASADALAKASAGMLDRILGAVKGFMGS
sp|A0A8B6XDS4|ACTL2_HYDVU,Hydra actinoporin-like toxin 2 OS=Hydra vulgaris OX=6087 PE=2 SV=1,MLSYLCFGCFLVSASLEIACGTPIKETSKADAGGGAGIAILGVLAKVGVEAALQQIDNIWKGDVVRYWKCAVENRSDKTLYAYGTTSESGSMGTVFADIPSGSTGIFVWEKSRGAATGASGVVHYRYGDKILNLMASIPYDWNLYQSWANARVSNEKESFYNLYNGLNGAKPATRGGNWGDVDGAKFFLTEKSHAEFKVIFSG
sp|A0A8B6XS44|ACTL3_HYDVU,Hydra actinoporin-like toxin 3 (Fragment) OS=Hydra vulgaris OX=6087 PE=2 SV=2,LEATVSRNKKYKFTMGNVVRSWKCTVENKSNKTLYADGSTPVSGSMATVLTDIAPGGTGVFLWEQSKGAARGAVGVVYYRYEDKILSLMASIPYDWHLYNAWANARVSNKKESFSNLYNGYDGAQQPTIAGNWGEVDGTKFFLTDKSHAEFNVIFSG
sp|A0A8B6XWY5|ACTL5_HYDVU,Hydra actinoporin-like toxin 5 OS=Hydra vulgaris OX=6087 PE=3 SV=1,MLLYVCLVNLLLQSPSGVDSQVALGVIAKVGVNVAMKLISNIWKGDVVRGWKCAVENKSTKTLYALGTTPVSGHLATVLPDIPPQSTGMFVWSKSRGAARGAIGVVHYQYGNKVLNIMASIPYDWNLYGAWANARVTYQREPFSNLYYGRKGTKYPTRDGNWGKVDGTKFFLTEKSHAKFKVIFSG
sp|A0A8U0LTF0|RM4A_RHYMT,Ectatotoxin-Rm4a OS=Rhytidoponera metallica OX=148364 PE=1 SV=1,MEIPKFLLIAIIVVGLSGSLTWAHPLAIADPDAEAIADAEAFADAEAEAFPPLLLLAGLFSLPALQHYIETKWING
sp|A0A8U0LTY4|RM1A_RHYMT,Ectatotoxin-Rm1a OS=Rhytidoponera metallica OX=148364 PE=1 SV=1,MEIPKFLLIAIIVVGLSGSLTWAHSSAIANPEAIAEAIAEAFANAEAEAEPVAPIVAMAGLGLFAAAVAGLDWLSKKVG
sp|A0A976SLN7|THN1A_URTFR,DELTA-urthionin-Uf1a OS=Urtica ferox OX=1435581 PE=1 SV=1,MEGKTVIVSLLLLSIVVGQIQVEAKSCCPSTTARNIYNTCRFGGGSRTLCAKLSGCKIVSGTTCPKLSIPEVTGEAVNEYCKLGCSFSVCRAITTLQNTDAGEVLNEAAEKCNNACSTLCTKNSIETA
sp|A0A976XJR9|NAVTA_URTFR,Beta/delta-urticatoxin-Uf2a OS=Urtica ferox OX=1435581 PE=1 SV=1,MGAIVLVALMALVASSSAFSDIEHNIMKLEGENIISSSSTPNDDQSSFSDGTSDMVESLFLNSGNRNLVLMMLSGRPQPNGRCIGDAQPCGFLVSDKGCCDPNYCSEYSKGKCICVPKGQPCGLLHFCCLDLTCDGYFNGTCK
sp|A5HUP6|GSG7_ANOST,gSG7 salivary protein OS=Anopheles stephensi OX=30069 PE=1 SV=2,METKLVLALIACGVICLLQTTPTEATGKHVQQLMKVFRAIDFDFTKKAFYLHRAKYGVQNQLRNPLYLKAMSLPRSAKLSQPCLKKMIDEVNDLESTFYAGFSFNCHDHDQYSMDCLEAAEPTYLDGLKKLAASTEQCLVQK
sp|A6YPK1|VA5_TRIIF,Salivary antigen-5 OS=Triatoma infestans OX=30076 PE=1 SV=1,MAKAHSSLVFCLLALALVRFAQAKCTNGYTFLGIKELSEKDKQKLLDFHNKFRELTAAGEAPAPKGEDGRERRQPPAANMLELTWHKKAEKQAYKWARTCEWKHNNATDKAGNSMGQNLGRKMSTEKTDVDDTFDKWSYDLVRGWFDEAKLYKYGSGFSMSTGHYTQVVWANTSQVGCGYSYYMQIDEYNQKWYTGYLVCNYSPAGNFNNREPYEISKEKCTDPKLESSKNYKHLCVLKKKKKN
sp|A7BJ45|TRIA1_TRIIF,Triafestin-1 OS=Triatoma infestans OX=30076 PE=1 SV=1,MKTILAVIFFGILAFAFADYPSIPKCTHPPAMANFNQKKFLEGKWYVTKAKHGSNSTVCREYRAKTKGNDQILVGDGYYSFNGGTFYFTVRCKRLPNKEVQKPLQFTCTQKSPDDPSKMFKFQLEVTILDTDYANYAVMYRCVQFPEELGSHFEDNTLLLHRKLDQLVDENLIERKLKLSLPSFKSRDDVVEGCRELPSKKKKTKP
sp|B0X6Z1|D7L2_CULQU,Long form salivary protein D7L2 OS=Culex quinquefasciatus OX=7176 GN=D7L2 PE=1 SV=1,MNFVGISSLVIVAFFAGGNAAWKPFSPEETLFTYTRCMEDNAKGDLALAKKWMAWKLEADQKSACYAKCVLVGLELFDESSKTFKGDHIVEQYQKYKSYTSQDEAGVKKFQQAVQALGTIDSANCLKVLQKYGPVHAQFTDVQRNVYFGKKEITDKIYNSDYTVKKRDETMFRFCERSNFKDGSEELCTLRKTGITTNNNHLDCLFRGLRYLDRNGNINPDEIKRDLHFINVKDKDAAVDNALNNCKVKEATKATDYNDCLWKDPNLKDIMMPVFDYREVRSESYRYFIENTDPYDVAKVKEKVKKYDKDAGC
sp|B6DDQ8|D7L2_ANODA,Long form salivary protein D7L2 OS=Anopheles darlingi OX=43151 GN=D7L2 PE=1 SV=1,MYKLLVALHLILCTVSHVKTRQRWTALTPEETLFIYTRCQEEHLPADNNSRKTYIENWHQWKLQPNDHVTQCYTKCVLEGLELYDGKQKKFRPGRVSSQHVAYQFLNGATADEVAKYKGAIDALEPASDSCEDLYMAYFPVHETFVNVTRKLYHGTVEGAARVYNSDPNLKRKNESLFTYCEKHVYGDQNREDMCRGRRYELTGSDELRNMIECVFRGLRYIKHGDINIDEIVRDFDHINRGDLEPRVRTILSDCRGIQPYDYYSCLINSDIREEFKLAFDYRDVRSADYAYIVKGNTYDAQKVIAEMNKVEKHVCG
sp|B9WG30|CECE1_CANDC,Extent of cell elongation protein 1 OS=Candida dubliniensis (strain CD36 / ATCC MYA-646 / CBS 7987 / NCPF 3949 / NRRL Y-17841) OX=573826 GN=ECE1 PE=2 SV=1,MKFSKIACAAAFVLSSQAAIIHHAPEFNMKRDIATADPVVAEPDVSVAANVDTSIAKRSIIGILTAILNNVPQIINVITTIIKSITGNKREDIDSVVSGVIADMPFVVRAVDTALTSVASTKRDGTNDDVTNAIVRLPEIVAPVATGVQQTVENAKRDGVEDIGLNIVANSPRLVSDVIGGVSETVKQAKRDNAEDILTKVLQELPDIISKVSNSTLKNSPPFKRDANTVTLSKLIKKSIETIGVENAAKMVSKRDISSLIAEYFEEA
sp|C0HM60|KAX_BUTOC,Toxin Bot33 OS=Buthus occitanus tunetanus OX=6871 PE=1 SV=2,TNGVPGKCTKPGGCSTYCRDTTGTMGLCKNSKCYCNKY
sp|C0HM73|KA104_CENBO,Potassium channel toxin alpha-KTx 10.5 (Fragment) OS=Centruroides bonito OX=3035065 PE=1 SV=1,NVACVHRTCDSNCKRNGYKSGKCINRKCNCYPH
sp|C0HMA9|SCX36_CENSC,Beta-toxin NaTx36 OS=Centruroides sculpturatus OX=218467 PE=1 SV=1,KDGYPMRSDGCTIACLFDNDFCNRKCVEQKGKSGYCYFWKQSCYCEGLPDDKVYDSATSKCRA
sp|C0HMC3|BSAP1_ORNSA,BaSO(4)-adsorbing protein 1 OS=Ornithodoros savignyi OX=69826 PE=1 SV=1,DSEFPCPRKQQPAGNSECSYYCEMNGQWKLGKFQNGARCDYNAVKDGVCNEGLCYASGDSASNTQNQGGSRRQENEDQGDDEWDRK
sp|C5M337|CECE1_CANTT,Extent of cell elongation protein 1 OS=Candida tropicalis (strain ATCC MYA-3404 / T1) OX=294747 GN=ECE1 PE=2 SV=1,MKFSKVASFAFLALSSQAALIQHDVIIENIKRDAVLAGSAENNIASSAFTKRESEVDSSEDVQLEKRISFAGIVSSIINQLPSIIQIIGNIIKAGLVKRDDIDDAFALVLAEYPHIVSVFEDAFGDFTEAKRDEAASVGTQILGSFPSILTQVVNGFSKVLDFANSDTFSTGLSILSNFTSIASSFASSLSSVVQNGKRDGVEDIVSMVVRQIPDLIVEASTPFVTNAEKMKRDADVAASLVDNLVKKGLSTAIDTFGAATVASVVSKRQVSSFLSKVLSKA
sp|D1MEJ3|PROT6_EUMPO,Venom peptide 6 OS=Eumenes pomiformis OX=693051 PE=3 SV=1,MKSTSVFILFAGIAIMACLQMTGTEAAPSASPNPTPVARADPDPEAFGPVIGLLSGILKSLL
sp|D9IWN6|CA127_CONPO,Alpha-conotoxin Vt1.27 OS=Conus planorbis OX=97183 PE=1 SV=1,MGMRMMFTVFLLVVLATTVVSFTLDRASDGASAAADLVARGIRGNCCMFHTCPIDYSRFNCP
sp|H2BKJ0|CM3D_CONST,Conotoxin SIIID OS=Conus striatus OX=6493 PE=3 SV=1,MMSKLGVLLTVCLLLFPLTALPLDGDQPADQLEDRMQDDISSEQYPSFVRRQKCCGEGSSCPKYFKNNFICGCC
sp|L0MZ37|SP15_LUTAY,Ayaconin OS=Lutzomyia ayacuchensis OX=252632 PE=1 SV=1,MSFLFFLVVLISIGLWVGPCVADNPENRCIKQFAKTNPACIVHCKYNLYKFTDDNYDITDQHINKFTDVLIKNKAVDGSKKSQVQEHLKKCAEESLKKTHGKNCQRLVEYYSCAVDNKLIDYFKYESAINSYDRSIYTPPYSG
sp|L0MZ46|RGDC_LUTAY,Ayadualin OS=Lutzomyia ayacuchensis OX=252632 PE=1 SV=1,MNKIILFSAVFLALVFCAEAMPRESVNILNAENEPDDTVDIDEGLPDAFDEDYEQDGHNPYPCRGDC
sp|P01515|MAST_VESXA,Mastoparan-X OS=Vespa xanthoptera OX=7448 PE=1 SV=1,INWKGIAAMAKKLL
sp|P01517|MAST_POLJO,Mastoparan-J OS=Polistes jokahamae OX=256662 PE=1 SV=1,VDWKKIGQHILSVL
sp|P07493|BOL2_BOMPE,Bombolitin-2 OS=Bombus pensylvanicus OX=28643 PE=1 SV=1,SKITDILAKLGKVLAHV
sp|P07496|BOL5_BOMPE,Bombolitin-5 OS=Bombus pensylvanicus OX=28643 PE=1 SV=1,INVLGILGLLGKALSHL
sp|P0C1M2|CRBLF_VESMG,Vespid chemotactic peptide 5f OS=Vespa magnifica OX=202807 PE=1 SV=1,FLPIPRPILLGLL
sp|P0C1M3|CRBLG_VESMG,Vespid chemotactic peptide 5g OS=Vespa magnifica OX=202807 PE=1 SV=1,FLIIRRPIVLGLL
sp|P0C1Q9|MAST2_VESVU,Mastoparan-V2 OS=Vespula vulgaris OX=7454 PE=1 SV=1,INWKKIKSLIKAAMS
sp|P0C8X6|KAXUB_TITST,Peptide 2412 OS=Tityus stigmurus OX=50344 PE=1 SV=1,GCRQCGGGCNKHGKCINGKCKCY
sp|P0C931|EUME_EUMRU,Eumenitin OS=Eumenes rubronotatus OX=539890 PE=1 SV=1,LNLKGIFKKVASLLT
sp|P0CJ39|MASTE_EUMFR,Eumenine mastoparan-EF OS=Eumenes fraterculus OX=1035771 PE=1 SV=1,FDVMGIIKKIAGAL
sp|P0DQV7|ACTL7_HYDVU,Hydra actinoporin-like toxin 7 OS=Hydra vulgaris OX=6087 PE=2 SV=1,MLLYVCLVNLLLPLSDGAVNPELVGVLVKVGVDAALQQIDEVWKGSTVRDWKCAVENKSNKTLYAMGTTPESGSMTTILDDIPPENTGIFVWEKSRGAATGAAGVVHYKYGNKVLNLMASIPYDWNLYSAWANARLSDDKVSFSDLYYGQNGAKSATKGGNWGEVDGTKFFLTSKSHAEFKVIFSGK
sp|P0DQX0|CDKA1_CONFE,Alpha-conotoxin FrXXA OS=Conus fergusoni OX=257326 PE=1 SV=1,MPKLEMMLLVLLILPLSYFDSAGGQAVKVDGHGDGMDRYLQRDDREARITCQPRGRSKWGRCCLTQMCGNFCCPRYGCRCVYRSGRGHGCSC
sp|P0DQY2|TUL2_POLNO,Turritoxin F21-2 (Fragment) OS=Polystira nobilis OX=1525234 PE=1 SV=1,WFRSFKSYYGHHGSVYRPNEPNFRSFAS
sp|P0DQY6|CU1A_CONLO,NU-conotoxin-Ltg1a OS=Conus litoglyphus OX=97191 PE=1 SV=1,LFHYCQCQCPPGFKGKFCQFKLRPP
sp|P0DQZ2|TXM1A_PTEMU,Mu/omega-theraphotoxin-Pmu1a OS=Pterinochilus murinus OX=1184495 PE=1 SV=1,ECRWFWGGCNNDADCCKHLECKRKWPHICLWDGTFT
sp|P0DRA2|MAST2_VESBI,Mastoparan-VB2 OS=Vespa bicolor OX=619325 PE=3 SV=1,MKNTILLLFTAFIFLMGFFGMSADALADPKADPLAGPFPDADPDPINMKAVAAVAKKPLG
sp|P0DRA5|MASTA_POLDR,Mastoparan PDD-A OS=Polistes dorsalis OX=34729 PE=1 SV=1,INWKKIFEKVKNLV
sp|P0DRB2|FRAT_PARFA,Fraternine OS=Parachartergus fraternus OX=91406 PE=1 SV=1,LSFQQVKEKVCKVEAKIGKKLPFC
sp|P0DRC3|AITX4_METSE,Alpha-actitoxin-Ms11a-4 OS=Metridium senile OX=6116 PE=1 SV=1,MKVLVAVLVFALLMCMFVDIAESRRRDNPEYPSGLRYDEEMGVFKRCAQTGGTCSKSKDCCIVTAICSTATSPKTCFYG
sp|P0DRD1|TX2A_POGMA,Myrmicitoxin(1)-Pm2a OS=Pogonomyrmex maricopa OX=144040 PE=1 SV=1,MEIPKLLYIAVIAIGLSGSLTCATPLANPWGDPEAEANPEAKATAEATAEAIAEALAEPEPALPALPLLMFLFTLPALQHWIEKNWING
sp|P0DRD4|TX5A_POGMA,Myrmicitoxin(1)-Pm5a OS=Pogonomyrmex maricopa OX=144040 PE=1 SV=1,MKAIIFLFAVLTVVAIIIPIISGEPNAGPLAASIDLKQIMEKVKPDLLKMLDDIKAKIQQG
sp|P0DRD5|TX6A_POGMA,Myrmicitoxin(1)-Pm6a OS=Pogonomyrmex maricopa OX=144040 PE=1 SV=1,MRSLYLSFSLTIIFVLVIMHAEAKAISEPNAIAEADPGIFSALKTLGKILLPVILPTVAEKIKEKVG
sp|P0DRD7|LK1A_LASKL,U-theraphotoxin-Lk1a OS=Lasiodora klugi OX=2013881 PE=1 SV=1,CGGVDAPCDKDRPDCCSYAECLKPAGYGWWHGTYYCYRKKE
sp|P0DW66|TAE2_SALTI,Type VI secretion amidase effector 2 protein OS=Salmonella typhi OX=90370 GN=tae2 PE=1 SV=1,MPYVYANAKALQDTEKVGNHHQCVELIQHYIRVGQASTWQQGAAVFGNKNIEVGTVIATFVNGRYPNHNSGNHAAFFLGQDTGGIWVMDQWKDDIAKPRVSKRYIRKLHNGSVRSDGTYIRMSNNAEAYFIVE
sp|P0DX20|CA1C_CONLI,Alpha-conotoxin LvIC (Fragment) OS=Conus lividus OX=89426 PE=1 SV=1,SNGRNAAAGDKPSYWITLAITDCCANPVCNGKHCQGRR
sp|P0DX31|MAST1_EUMMI,Eumenine mastoparan-EM1 OS=Eumenes micado OX=2597558 PE=1 SV=1,LKLMGIVKKVLGAL
sp|P0DX36|MAST2_POLRT,Polistes-mastoparan-R2 OS=Polistes rothneyi OX=30208 PE=1 SV=1,LNFKALAALAKKIL
sp|P0DX47|RF2_ACHST,U-limacoditoxin(13)-As2 OS=Acharia stimulea OX=691692 PE=1 SV=1,MSKLLLILALAVLAQCALVAGDKPKDNFIRLG
sp|P0DX48|RF11_ACHST,U-limacoditoxin(13)-As11 OS=Acharia stimulea OX=691692 PE=1 SV=1,MFKLLLVLALTMLAQSALAGGGSKSTDTVIRFG
sp|P0DX49|RF54_ACHST,U-limacoditoxin(13)-As54 OS=Acharia stimulea OX=691692 PE=1 SV=1,MSKYIVLLVVSAIALLQFSMIECNTEDLGTIKQPLRFGK
sp|P0DX57|TX2_BUTLE,Toxin Bl-2 (Fragment) OS=Buthacus leptochelys OX=2807509 PE=1 SV=1,XRDGYLVDDXNCTFFCG
sp|P0DX60|TA2A_TETAF,Myrmicitoxin-Ta2a OS=Tetramorium africanum OX=628533 PE=1 SV=1,MKLSFLSLALAIIFVTVLIYAPQAEAKALADAVADADADADAAADAVADALADADAFKIPWGKIKDFVTGGIKEVAKG
sp|P0DX61|TA3A_TETAF,Delta-myrmicitoxin-Ta3a OS=Tetramorium africanum OX=628533 PE=1 SV=1,MKAPKFLFIAVIIVGLSGSLTWASPLPKAKAVADAMAAAEALAEAEPEALAPIFALLLLSGLFSLPALQHYIEKNYINGK
sp|P0DXW7|TXU29_MEGOP,U-megalopygitoxin(2)-Mo9 OS=Megalopyge opercularis OX=1113279 PE=1 SV=1,MKFIVLLLIVTSVLMMFAVTTEASPQVNHKIERAKCGQKGKCYDGVNVQCIDCNTG
sp|P0DXX1|TXU8F_MEGOP,U-megalopygitoxin(8)-Mo15 OS=Megalopyge opercularis OX=1113279 PE=1 SV=1,MARFSSKNLTKLFQYLVLSLLSPVAFGNFNIEVDTRNKVLNDAAINFYGQNIGIITDGERRVFGITDGPLKEACSKVQGGKPGYVWVRSPTPANLYEIHNWRQVLRVLTAYDARIVGIEQKPEMVATQTYKNRSDHPAKVSGMITQSVSNTIENKWIEMNQFSITATVSCKVKAAEIGLSMGYERSWGKEDTNSTTTMLGQQTGFEVELPPGGNCTAVLSATKGSMKIDVGYRATLEGDCAVDFPNTWNGHHYWCYPIGLVQDVGNLKKHIDCRELITIGYYSDAHVTIENLGKKKNKKTKKPPRKTKMN
sp|P0DXX2|TXU8C_MEGOP,U-megalopygitoxin(8)-Mo12 OS=Megalopyge opercularis OX=1113279 PE=1 SV=1,MNLQYLILSLLSTTVYGGFNLNFDSKGDALEKAAIDFTGEDVAVIKENERESFGITDGPLKDACGKVSGRRPDHVWLYKPTLWGDMYTMYKWPEVTRTLTPIAARVVGKEQKPMIVSSQVYRNRSNRTVKVNGKISQEVTNTVENKWSKTHGLSVTASMTYSFKVVEASMEIGYTSEWGQEETKSESVAVGQEMGFESELQPGESVEAVLSATKGSMIIDVTYRATLDGCCAINYNNGWKGHHYYCYPIGMVQDAGKLKKHVDVKETIKIGFYSDSHVIVRDKHGKK
sp|P0DXZ5|TX2A_XYLAR,Xylotoxin(2)-Xa2a OS=Xylocopa aruana OX=135674 PE=1 SV=1,MKQSLIFCFLLLTIIFASGYAAMPELESRIPSRCNCKAPPNSLPGLLCRKRCMAGK
sp|P0DXZ6|PA2_XYLAR,Phospholipase A2 OS=Xylocopa aruana OX=135674 PE=1 SV=1,MHALRSSVLALWLCLHVSVRAWMTYRSANGLDEYEPEDRIIFLGTKWCGNGNVAEGPEDLGPLKETDACCREHDMCPDLIAAGQSKHGLTNTASYTRLNCGCDEKFYNCLKNSAETGSGAVRFTYFTVLGTKCYRNEHPLICVKKGWFSCSKYELDKSQPKRYQWFDVSSNFAFPRMLT
sp|P17231|CRBL_VESTR,Vespid chemotactic peptide T OS=Vespa tropica OX=7450 PE=1 SV=1,FLPILGKILGGLL
sp|P17233|CRBL_VESAN,Vespid chemotactic peptide A OS=Vespa analis OX=7449 PE=1 SV=1,FLPMIAKLLGGLL
sp|P17236|CRBL_VESOR,Histamine-releasing peptide 2 OS=Vespa orientalis OX=7447 PE=1 SV=1,FLPLILGKLVKGLL
sp|P17237|PROTO_ICASP,Chemotactic peptide OS=Icaria sp. OX=7495 PE=1 SV=1,IVPFLGPLLGLLT
sp|P42716|MAST_PARID,Parapolybia-mastoparan OS=Parapolybia indica OX=31921 PE=1 SV=1,INWKKMAATALKMI
sp|P58844|CJST_CONGE,Scratcher peptide OS=Conus geographus OX=6491 PE=1 SV=2,MTSVQSVTCCCLLWLMLSVQPITPGSPGPAQLSRERSFKFLSGGFKEIVCHRYCAKGIAKEFCNCPDKRDVVSPRIRRRKRSKAM
sp|P69035|MAST2_PROEX,Protopolybia-mastoparan-II OS=Protopolybia exigua OX=91439 PE=1 SV=1,INWKAIIEAAKQAL
sp|P86682|HETN_HAEDE,Hementerin (Fragment) OS=Haementeria depressa OX=279730 PE=1 SV=1,XTLSEPEPTCSIEYFRYQAIEDCEYSISVK
sp|Q01747|LAPP_HAEOF,Leech anti-platelet protein OS=Haementeria officinalis OX=6410 PE=1 SV=1,MNSFLFSLACSLLVAIPAISAQDEDAGGAGDETSEGEDTTGSDETPSTGGGGDGGNEETITAGNEDCWSKRPGWKLPDNLLTKTEFTSVDECRKMCEESAVEPSCYILQINTETNECYRNNEGDVTWSSLQYDQPNVVQWHLHACSK
sp|Q06K46|SP15B_PHLDU,Salivary protein 15b OS=Phlebotomus duboscqi OX=37738 GN=K03 PE=1 SV=1,MKYLGLALISAVFLIGTCQAETPSQKCEEKYKENAERKACIHHCKYQYYGFIDVNYNIAQPEIRKFSNVLMDYGVVDRSKKRELKKVMHDCAKKIKKEARTGDHWLNCRTSIDYYRCVLTSKLIGPQRFDKAIQDYDKTISV
sp|Q06KA2|D7L_PHLDU,Long form salivary protein D7L OS=Phlebotomus duboscqi OX=37738 GN=D7L PE=1 SV=1,MNAVITSLVFISLVGVGYSWRYPRNADQTFWAFRTCQRQSEGAKSLREWYRWNLPNDEDTHCYVKCVWLHLGLYNEQNKSLRVDRIMEQFNSRSVAIPGGINTISGPTDGTCKDIYDKTINFFNNNVNDLRTAFYGIKKLSDEWFTQNSNTKPKGTKISDFCNAENREKGGADCQHACSAYYYRLVDEDNEPIHFRNLNILGITDEQFASCVKASKNKQGCKVADTMYNCVEKHNSQALKILDNQSPTY
sp|Q5MIT9|ALL3_AEDAL,Aegyptin-like protein OS=Aedes albopictus OX=7160 PE=1 SV=1,MKPLAKLFMVFCLIGIVLSRPMPEGEEGEGEEESPDDASGDETEGGEEKTDDGASEDGGEEESKADEEDGGENADGEDAGGDDAGGENADGENTDGENTDGENTDGENADGEDAEGSKDEGDDSEGDGSKEESTGGDEGGDNAGGGEGGGENDPVNTYHKVVAILDKDTKVDNIQSEYLRSALNNDLQSEVRNPVVEAISRLGSFSKIEGCFKSMGSDVKKVIDEEQKAFKDCMTKKKSEYECSEDSFASAKGKLSPITSKIKSCVSSKGQ
sp|Q5MIW3|FXDIR_AEDAL,FXa-directed anticoagulant OS=Aedes albopictus OX=7160 PE=1 SV=1,MNLKIAIIVICQLVYFTQGDTVPSKPLSVDYQAEFSWDLYKKLYPEFRRNMVISPYSLRKIFVCLHQLTDAKDPATTKFSKQLHKVFKFNPTGQLPDLVRRRYENQREAYAQDQGLNTTTLAVVLGRKKKTTHALNNLPKSCGIFARSLKSGSPKQMTRSLNAAMKNISNGAAQSFLSESDLNRDWDFFVADSWLFKGFWRYQFEEEYTTTCNFYTNAKKKGLMRFMYLEEMLRVGHFPQWNVRAVELPLHRESPFSCVLMMPVAADIEELIESLSHKRFKEIYDNMSASKTTVRLPQFRLRMKLSAKSMLEQLGFDTAFKESVFRVFEKDGAIPLGDAIQKMDLSMAHEGEDLAKTYVDRSLGQQFTAHQPFMFVIFDRKELVPIIVGNVVAAITPKDVGPQSDEKLCDNPPRFNGR
sp|Q5MIW7|D7L1_AEDAL,Long form salivary protein D7L1 OS=Aedes albopictus OX=7160 GN=D7L1 PE=1 SV=1,MHSPKSFLLLAVVFVALRVTAAPLWNAKNPEQLQYIAARCMEEWSPKAKDPKAALKNWMEWKLQPSNEEATQCYTKCMLENIGYYEPGEKRLKGVRVMQQWETFNRYQSADRNKVHDLTDTFDFIKPLKSSSCSDVFNAYKDVHAKHLETIKAILFCDGKSAEKYYKDKGKNVKQKGESIFVHCEEIHYPVGSPQRNELCKVRKYELGTGKPFENLMECIFKGVRYFNDKNELNIDEIARDFTQVGKKPDAVKAAMENCKSKTKETDPGKKAVEYYKCLLADSKVKKDFMEAFDYREIRSKDYYAQITGKLKPYSASDVRKEVNDIDSNKCV
sp|Q9GP13|IRIS_IXORI,Iris OS=Ixodes ricinus OX=34613 PE=1 SV=2,MEASLSNHILNFSVDLYKRLKPSGKDTAGNVFCSPFSIAAALSMALAGARGNTAKQIAAILHSNDDKIHDHFSSFLCKLPSYAPDVALHIANRMYSEQTFHPKAEYTTLLQKSYDSTIKAVDFAGNADRVRLEVNAWVEEVTRSKIRDLLAPGTVDSSTSLILVNAIYFKGLWDSQFKPSATKPGDFHLTPQTSKKVDMMHQKGDFKMGHCSDLKVTALEIPYKGNKTSMVILLPEDVEGLSVLEEHLTAPKLSALLGGMYVTSDVNLRLPKFKLEQSIGLKDVLMAMGVKDFFTSLADLSGISAAGNLCASDIIHKAFVEVNEEGTEAAAATAIPIMLMCARFPQVVNFFVDRPFMFLIHSHDPDVVLFMGSIREL
sp|Q9GP15|IRCPI_IXORI,Kunitz-type anticoagulant protein Ir-CPI OS=Ixodes ricinus OX=34613 GN=CPI PE=2 SV=1,MPFIFVVSFAILACIVVDTANHKGRGRPAKCKLPPDDGPCRARIPSYYFDRKTKTCKEFMYGGCEGNENNFENITTCQEECRAKKV
sp|Q9UB30|D7R1_ANOGA,Short form salivary protein D7R1 OS=Anopheles gambiae OX=7165 GN=D7r1 PE=2 SV=1,MFNKLHLVSLLACGLFVIAQANTVKKCEKKMPASLKSQLCEIRKYKLLDTPDMDKHMDCVMKALDFVRPDGTGDYHKLIKPLNAIEKDRKHDFNLEKCGGQTQHLPVGKRANAYYKCLVESTSGDAFKKVFDTVELVKAKKLPALSQYSSVVDKLMKKIDDKICN
sp|S4S2C7|MAST_VESAF,Mastoparan-AF OS=Vespa affinis OX=882735 PE=1 SV=1,MKNTILILFTAFIALLGFFGMSAEADPIADPIADPISGPNAEADPEAINLKAIAALAKKLFG
sp|W4VSH9|VKT1_TRILK,Kunitz-type U19-barytoxin-Tl1a OS=Trittame loki OX=1295018 PE=2 SV=2,MNFELIYVSSLLLGICLANQADVVPSDCNLPADAGMCYAYFPMFFYDASSRKCLNFIYGGCGGNANRFWSEAECMEKCGGGGGGGGSSDGSQKTAKMLNLDLGDICSLEKKVGPCKAHMPRYYFNRETGLCEEFIYGGCSGNHNNFQTKEQCESFCAPGNSPRPEEETRKRTKQSY
sp|A0A1D0BN92|T51A_HADIN,U5-hexatoxin-Hi1a OS=Hadronyche infensa OX=153481 PE=1 SV=2,MNFSVVAVALVVVLTVHFTDGQETSSSLPSPPSPLPGRWPWGPKPWHCRPHHHGFTMIYGCEKFSRDMKKEMDALRNNGSESCRTLSTWVEQENCKFEQLMDARSRVVPEEKCLQNMVAFATGITPSTTVTTPTPTTETPTTETPSTP
sp|A0A1D0BNA3|T61A_HADIN,U6-hexatoxin-Hi1a OS=Hadronyche infensa OX=153481 PE=3 SV=1,MKITIFCLTILTLSITFGETNEDVKDGSLKEMDEMSLLQELMSVEAALVEKEMKAEAEENRDSREKRCWGLNVPCENENSPCCKPYVCEKTTGYGWWYKSPYCVRKGSG
sp|A0A1D0BND9|TD1A_HADIN,U13-hexatoxin-Hi1a OS=Hadronyche infensa OX=153481 PE=2 SV=1,MEMSLRVALFFAFWVCLTTGSLNEICYQEKVVGNCGSQLYPYYFNSQSGKCERFMYTGCGKNDNNFGYLFECERTCPGDLDLGDVCSLEPEGGHCRAYFIKYFFNATSGMCEKFVYGGCGGNV
sp|A0A1D0BPK9|TDE1A_HADIN,Delta-hexatoxin-Hi1a OS=Hadronyche infensa OX=153481 PE=1 SV=1,MKVIATLYGLLFLTVVLGDITEGNENDLVENFREELSEADIPLLKKLEAIEDALLEKDFLPYEEEDRNARPKRCAKVRNWCAKNEDCCCPMKCIGAWYNQQSSCQSTFMGMFKKC
sp|A0A1D0BPN8|TH1A_HADIN,U17-hexatoxin-Hi1a OS=Hadronyche infensa OX=153481 PE=3 SV=1,MKTIFAVTLLLFAIYVPECMPCHQSGCSPGFCCWLTYPPTTATDPYSCVSNSTLGVSCGPCGCLQGYNCTSNGGCQLLRRVG
sp|A0A1D0BR67|T91A_HADIN,U9-hexatoxin-Hi1 OS=Hadronyche infensa OX=153481 PE=1 SV=1,MKLYLVILVTSVALAAASPTRTKEEPIEDELLEALLSVEKSLFNEETTVMEKRSCVIGWKQRGQKCERDCECCGVAATCIGERMPGFCGYRTTNNNLGQYILYGYSTVSNGVSAILCAA
sp|A0A1D0BR98|TJ1A_HADIN,U19-hexatoxin-Hi1a OS=Hadronyche infensa OX=153481 PE=1 SV=1,MNTMIGFIVLLVSATVLGDPELDALRKELDERFDMEFKDGPMSEIQEKLFLQELEALDSELLEDDPQTDTYENSNFREKRCSGSDTPCYKGSKMCCRGLECTEPALYGIWYKSYFCKRPKKG
sp|A0A1D0BRB6|TE1A_HADIN,U14-hexatoxin-Hi1a OS=Hadronyche infensa OX=153481 PE=3 SV=1,MMQLAVLICLSLVVNTFAQSCVQDSDCGNDDQCCLYSACATKPGEMFVEESGEGALAKVACSVPAPRALGFVGIHL
sp|A0A1D0BRC1|TG1A_HADIN,U16-hexatoxin-Hi1a (Fragment) OS=Hadronyche infensa OX=153481 PE=2 SV=1,LTGHLCCMMIWWQATQVISPPLPVIREENNSHKMGVSLFPLKRVVTTSSTQLEMIFNCLCSRVVRTLCSRTQETLVRIQLGQNKASFHLLKSPSRRFIFNCYRAIFMFI
sp|A0A1D0BZZ2|TF1A_HADIN,U15-hexatoxin-Hi1a OS=Hadronyche infensa OX=153481 PE=1 SV=1,MNTLIAFAVLLLLSTTLGDTDDKVSHEEIQERKELSGISEELLLQQLEAVEAALMEKERLEEMEEDGNSREKRCMALNVPCDSHFKCCKNLVCQDPTLTWFYGSKYCYRKKS
sp|A0A1D0C028|TC1A_HADIN,U12-hexatoxin-Hi1a OS=Hadronyche infensa OX=153481 PE=3 SV=1,MRVALVFLVLSILAATHGDTNLDMERKEADESSLSEMKEMLLLQELQAVEAALFGKMNVENDENRDFREKRCGGYGMSCKSVQDCCGELDCRKDPSTWIDHPYCLNPKKG
sp|A0A1D0C0W1|TA1A_HADIN,U10-hexatoxin-Hi1a OS=Hadronyche infensa OX=153481 PE=2 SV=1,MKGFIVFSLSLCLVFTVCLAEDELMKEAVRKFLKCVACAEPGSELRTEYHKCSELKPERLKATMKACCDETMPAGSDEDARWALVCADDGILTKVCDCVKAKLPMAEVTTAEMEQFSKYKECAKKLNEEKCK
sp|A0A1S4HE90|D7L3_ANOGA,Long form salivary protein D7L3 OS=Anopheles gambiae OX=7165 GN=7DL3 PE=3 SV=1,MQLTPRSVHLVHLLLAATTLISPSWSNHQSQQPALQALSPDDTLFAHLRCFELFASGQQSRDRDADAADWLGGNRERYLHRVERTPAFVKCVLGRMHFYDSSERRFNVNILRTQYNAYKQWMTLSEEDVDDFIHEVSNIGALNSSNDAEVYDALKLLFTNHSVSFFQLFLRDPTVLQNMYDDKSLSVRKPNQTVVQFCELQMAAELWDDICLIRAYQISNHTEAMERHIACIFRGFQYLDANSSIDVKEIVRDYELTETLDEASKNSIEECARNASEKDDIPKRSLAMYSCLLDGSHSEVFKKAFDFREVRSGNLTFLVQNLPYDRDQVRQQILALDKEHCNDQQPLAGRFIED
sp|A0A8K1YTT5|TP4_COTFL,Teratocyte protein CftICK-IV OS=Cotesia flavipes OX=89805 PE=3 SV=1,MAKILLTFIILTCLIVTITPAVYDYACYKKGCSKIQGRCSTNADCCDGYQCHPQTASWQVVQKNGCYPINPVPCSQLQQKNV
sp|A0A8U0LU66|TX21D_RHYMT,OMEGA-ectatommitoxin(02)-Rm1d OS=Rhytidoponera metallica OX=148364 PE=3 SV=1,MKDSYISIVIAYLMVTFILVSSMPIEGEKRELGPHRLPCPPKLNDENYCFNGKCVHLVAQDEPGKPYYSCICDEFYIGERCGTLDLTNPGYFLKGQSSTQSSI
sp|A0A976XK90|NAV2A_DENEC,Beta/delta-urticatoxin-De2a OS=Dendrocnide excelsa OX=647263 PE=2 SV=1,MKTSTALVLLLALTATSASSGDHQFIDEQNIMNVAEGKNVISSLSSSGGGDDAAAIMESVLVNGGNRKMVFMMVSGSQANCIPTGQPCGVLHQCCDGNFCTDPFYGTCTVKHCVPKGQPCGVLHPCCEGMCPDPIYGTCR
sp|A0A976XKR0|NAV2A_DENMD,Beta/delta-urticatoxin-Dm2a OS=Dendrocnide moroides OX=1842752 PE=2 SV=1,MKSSATVVLLVAAVTAAMVMSSSASGDAVMIDEHNNIMTSVEGKRGIGSSVVANGGNRKMANVLLSGWENKCAGHGESCLGIGISGCCKGYYCSWPSGSICLCVPKGDPCGAMHTCCDGLSCTGFFSGDCV
sp|C0HMB5|GSG7_ANOFR,gSG7 salivary protein OS=Anopheles freeborni OX=7170 PE=1 SV=1,ARKHVQELLKTFRRIDFDETRKSVYLQSAKFGVQSQLREPLTKKVLNYWDDVKLSKTCLDRMVTKVNDVKETFYAGFSYACESHNQYSVDCLEAAKPSYLTALGEIRGETEKCLTTRLK
sp|D1MWE7|TD60_TRIDM,Dimiconin OS=Triatoma dimidiata OX=72491 PE=2 SV=1,MKTIIVVTIFGILTCAYPTDGEHCAQEKAMEDFDPSRFFNGKWYVVHYGKTGPTVCQKFSTNGTQGAPTQIVETGYDKFEDYLKFQCDETGKKNDYHYSFKCKSYECGSDNIEFEVDFTVLSASYDDFALVCRTITFTSGTKDKDDEVLVLEREKTLDVIDNCRRTYYLTEFEKMSLSSQFLSKKENITMLSFQLK
sp|F6KSY2|SP23_IXOSC,Salivary anticoagulant protein P23 OS=Ixodes scapularis OX=6945 PE=1 SV=1,MLTVSLLTLSLAAYASAVATVTDANNFMDAVLHTRIPALITSEPILFPFATIPPFNFTVAGTNILTNRELQVNVSRGEIRGFSTEVKRVGDCMPPVLREGKTSIRCTLNFTGINATFDTHTRGDNIVASDKNIWVRASVIDTTGQFEAVAERGKQGNVHTFLVDKIHVKVKNDKALSLNDKRKKKFRQHFEDKVLTVLPQIFYGAYLHLLGAAVSSVPFPHV
sp|M1JMQ7|D7LC_PHLPP,Long form salivary protein D7LC OS=Phlebotomus papatasi OX=29031 GN=D7LC PE=2 SV=1,MNAVITSLLFLSLVGLGYSWKYPRNADQTLWAFRTCQRRESDNNILKKWYTWELPNDEKTHCYVKCVWIHLGLYSKSKKSLRVNKIEKQFTSRGVAIPSDLKSMEGETDGSCKAIYDKTISFFNNNVADLRTAFYGTIEESNKWYSENPDAKPKGTKISKFCKDNNREQGESNCKHACSAYYYRLVDEDFEPIYFRLLEIKGFSNEDIDECIKQTSGRQGCQSSDALYDCLKNKNSAALKAALQILDDQSARTY
sp|P0C1R2|SYLV_PROSY,Sylverin OS=Protonectarina sylveirae OX=91438 PE=1 SV=1,SIKEKICKIIEAKIGKKPPFCP
sp|P0DP47|TP1C_HADIN,Pi-hexatoxin-Hi1c OS=Hadronyche infensa OX=153481 PE=1 SV=2,MKLRITLALTSVLAFCVFGDKENENLMENLLEDDLLDIFTDAIHMERQETNQECIAKWKSCAGRKLDCCEGLECWKRRWGHEVCVPITQKIFCLEKWKSCFERKYDCCEELECWERRGNKHPVCAPKQ
sp|P0DQX9|TX21A_MYRCH,OMEGA-myrmeciitoxin(02)-Mc1a OS=Myrmecia chrysogaster OX=319352 PE=3 SV=1,MKNNYINTCVVYLMATFLLISLISIKKCTADLSAHPLCPDNLKDYCIHGECHFLEDVQEPACLCETGYRGKRCHELSMD
sp|P0DQY9|CELE_CONEA,Elevenin OS=Conus ebraeus OX=89425 PE=3 SV=1,MAPSQKALLVLVLSMLLTASDSRARRIDCTRFVYAPICRGVAAKRGGDSLSVGASTELDDALTDPFLRSEEPREEDTEKKWRELSRLSRVLQILLSHPTGETEQLDRLLTL
sp|P0DQZ1|CXDA_CONQU,Conotoxin QcMNCL-XIII0.1 OS=Conus quercinus OX=101313 PE=3 SV=1,MNCLQLLLVLLLISTIAALHGDGRVPQRRGRNIRTMSNLLNFQTRDCPSSCPAVCPNQNECCDGDVCNYSNTLNKYFCIGCGSGGGE
sp|P0DRC5|NATX4_CENSC,Toxin NaTx-4 OS=Centruroides sculpturatus OX=218467 PE=1 SV=1,KEGYLVNKETGCKLACVTTGENKNCKLDCKNQGGSKGYCLLFRCFCEGLSESTPTFPIPGKTCSGK
sp|P0DRC6|SCX13_CENSC,Toxin NaTx-13 OS=Centruroides sculpturatus OX=218467 PE=1 SV=1,SKKEIPGGYPVNQFKCTYECAHADTDHIRCKNLCKKLGGSWGYCYWNTCYCEYLPDSVPQKNSIEVFSCGATIVGVPDTEQQ
sp|P0DRC7|SCX22_CENSC,Toxin NaTx-22 OS=Centruroides sculpturatus OX=218467 PE=1 SV=1,KDGYPVIKTTGCKLICVGISDNKSCDRFCKKQGGSHGYCHAFGCWCEGLSGSTPTYPIPGKTCKK
sp|P0DRD6|TX7A_POGMA,Myrmicitoxin(1)-Pm7a OS=Pogonomyrmex maricopa OX=144040 PE=3 SV=1,MMKIIYAFLLIAVVAFMGSGIMAEPLAEAIAADKPGQAKEIGIFDRITELINWLVNH
sp|P0DX51|TX35A_PHOBO,GAMMA-ctenitoxin-Pb1a (Fragment) OS=Phoneutria boliviensis OX=2598454 PE=1 SV=1,ESNFKIGMAIR
sp|P0DXA0|T71A_HADIN,U7-hexatoxin-Hi1a OS=Hadronyche infensa OX=153481 PE=3 SV=1,MKTILLFLGVCAVGASMMTGGWTNKDVNDEEVKKLAIFASTKFNEKSNSLVFEKMCKILEAKSQLVAGMLYDITFEASPTVCKKNDKNYVPIYQCPLLPCAPRKI
sp|P0DXA1|TB1A_HADIN,U11-hexatoxin-Hi1a OS=Hadronyche infensa OX=153481 PE=1 SV=1,MDVKTVLIFTVLFGVISNNAAETGIESDSHDALNIGRMFCKPLDQQCNKDLHCCKPLKCRRSNNGRKYCKP
sp|P0DXT6|TX3A_POGRU,Myrmicitoxin(1)-Pr3a OS=Pogonomyrmex rugosus OX=144042 PE=1 SV=1,MEIPKFLFITVIAIGLSGSLTWANPLANPEAEATAEAGPEAEAVAEAIGEAEPALPLLPLISLLVSLIPAIKSG
sp|P0DXW3|TXU11_MEGOP,U-megalopygitoxin(1)-Mo1 OS=Megalopyge opercularis OX=1113279 PE=1 SV=1,MYRETFVFCVLLAVVSANVEMRDLEEKPEKYKGVNCCYVSAIQECIPVGETRPFKHECKGWTCNKDNLLEVSCGKVLVEHYVEDKTAPYPHCCPVAKA
sp|P0DXW4|TXU22_MEGOP,U-megalopygitoxin(2)-Mo2 OS=Megalopyge opercularis OX=1113279 PE=1 SV=1,MKFVVLLMIVAAAVAMFAAGTEAFPEPIPASNNFLRKRCAGQGKCIGNGECVPCP
sp|P0DXW5|TXU34_MEGOP,U-megalopygitoxin(3)-Mo4 OS=Megalopyge opercularis OX=1113279 PE=1 SV=1,MNSKFVLIVVFLAVVSICFANEVWDPEKCGCPPFDKVENAVCTKDRATYDNRCQFDCHAKFLSKSGKTLEESPCIESADPK
sp|P0DXW6|TXU45_MEGOP,U-megalopygitoxin(4)-Mo5 OS=Megalopyge opercularis OX=1113279 PE=1 SV=1,MKCSLLLVVFAAMVALFAAGTNAAMNQRKMLEVIGGLKKEK
sp|P0DXW8|TXU9D_MEGOP,U-megalopygitoxin(9)-Mo13 OS=Megalopyge opercularis OX=1113279 PE=1 SV=1,MKLVFLFFIVAVMVSLFVGMTEADKPRFLTTVCQDTYEKCKEQMLKKDKK
sp|P0DXW9|TXUB_MEGOP,U-megalopygitoxin(11)-Mo28 OS=Megalopyge opercularis OX=1113279 PE=1 SV=1,MRTTLLLLIIAITVMVFVSEAYAAPAPEPILKQGTIESLTR
sp|P0DXX0|TXU33_MEGOP,U-megalopygitoxin(3)-Mo3 OS=Megalopyge opercularis OX=1113279 PE=1 SV=1,MYSKYVIIISLLAVVSLGSAIEFWNPEECGCPPFDKTENEVCTKHGTTYDNRCQFDCHQKFLSKSGVALEEGPCILSAEAEEEAKK
sp|P0DXZ4|TX1A_XYLAR,Xylotoxin(1)-Xa1a OS=Xylocopa aruana OX=135674 PE=1 SV=1,MKFLFSVLVLFIVAFVCLSNAEPEPDPEADPEAGFLSILKKLPLILKHLPGK
sp|P83298|FIBC_LUMRU,"Fibrinolytic enzyme, isozyme C OS=Lumbricus rubellus OX=35632 PE=1 SV=1",VIGGTNASPGEFPWQLSQQRQSGSWSHSCGASLLSSTSALSASHCVDGVLPNNIRVIAGLWQQSDTSGTQTANVDSYTMHENYGAGTASYSNDIAILHLATSISLGGNIQAAVLPANNNNDYAGTTCVISGWGRTDGTNNLPDILQKSSIPVITTAQCTAAMVGVGGANIWDNHICVQDPAGNTGACNGDSGGPLNCPDGGTRVVGVTSWVVSSGLGTCLPDYPSVYTRVSAYLGWIGDNSR
sp|P86599|FIBS_EUPSU,Fibrinolytic protease (Fragment) OS=Euphausia superba OX=6819 PE=1 SV=1,IVGGNEVTPHAYPWQVGLFIDDMYFCGGSISVTLTGWGKP
sp|Q7PJ76|D7L1_ANOGA,Long form salivary protein D7L1 OS=Anopheles gambiae OX=7165 GN=D7L1 PE=3 SV=1,MIVTGVLLFILLELFAQGSQAFKALDPEEAWYVYERCHEDHLPSGPNRETYLKTWKFWKLEPNDAVTHCYVKCTLAGLQMYDEKTNTFKPETVPVQHEAYKSFTEVESSKVNELQQALSSLNAGSGSCAEVFNAYLPVHNKYVGVSRKIYHGTVDSVAKIYEAKPEIKKQEESFFAYCAKKALGANGKEGYTKLRDYELADSAEFRNAMDCVFRGFRYMDDSGLKVDEVVRDFNLINKSDLEPEVRSVLASCTGTQAYDYYSCLLNSPVKEDFRNAFYFHELRSANYGYLAMGKVYEGPEKVKEELKKLNY
sp|Q8I6P7|SATPA_ANOST,Salivary thrombin inhibitor anophelin OS=Anopheles stephensi OX=30069 PE=3 SV=1,MASKVIVIALLCIALAAFVQGAPQYTHGEEPEYDEDDGADEPVQPHSSSNHADTEDDFDLSLLDKPYANAPENADPGRRPEFLKQHNNENQSDSSSGSTEN
